,Gene Name,MeanLN_INS,P-valueLN_INSvsCON
0,A2M,0.956549636,0.67
1,AAK1,0.770894185,0.01
4,AASDHPPT,0.945241781,0.17
6,ABCE1,0.807071638,0.04
7,ABCF1,0.829434148,0.1
8,ABCF2,0.693954104,0.02
9,ABCF3,1.177847196,0.87
10,ABHD14B,0.938701046,0.57
15,ABLIM1,0.739914674,0.05
20,ACADVL,0.964340235,0.8
22,ACAT1,0.656867601,0.25
26,ACLY,0.80907487,0.05
27,ACO1,0.793283681,0.06
28,ACOT11,1.207920073,0.4
31,ACOT9,0.677632262,0.22
32,ACSL1,1.148800439,0.85
34,ACSL4,1.080971907,0.14
35,ACTA1,0.848001757,0.34
36,"ACTA2,ACTG2",0.700032424,0.14
37,ACTN1,1.395437291,0.25
40,ACTR1A,0.862198829,0.28
42,ACTR3,0.770803278,0.01
43,ADAM10,0.839233979,0.11
47,ADD1,0.911115352,0.21
50,ADH5,1.093823688,0.92
58,AGFG1,0.876021295,0.37
59,AGO2,1.20479245,0.98
62,AHNAK,0.801249907,0.08
63,AHNAK2,1.030980127,0.9
70,AIP,0.997324121,0.89
72,AK1,0.707605204,0.11
76,AKAP12,0.831719662,0.27
77,AKAP13,0.841273802,0.03
78,AKAP2,0.910291243,0.31
86,ALDOA,0.935943295,0.33
87,ALDOC,0.953958371,1.0
89,ALPK3,0.799405158,0.02
92,ALYREF,0.740056606,0.01
94,ANK2,1.049654503,0.14
97,ANKHD1,1.012168722,0.84
98,ANKLE2,1.288668871,0.22
100,ANKRD17,0.807601293,0.06
104,ANKS1A,0.943126047,0.49
106,ANPEP,1.048086864,0.7
108,ANXA1,1.642766183,0.76
110,"ANXA2,ANXA2P2",0.915460533,0.44
113,ANXA5,0.909387452,0.5
114,ANXA6,1.181568589,0.97
115,ANXA7,0.978404485,0.87
119,AP2A1,0.778196102,0.05
120,AP2A2,0.825446415,0.03
122,AP2M1,0.424098121,0.25
123,AP2S1,0.915570727,0.44
124,AP3B1,0.722587317,0.1
126,AP3D1,0.822008827,0.07
127,AP3M1,1.055115242,0.97
129,AP3S1,0.889097812,0.59
136,APEX1,0.752990306,0.03
137,API5,0.981796703,0.36
140,APOBEC2,1.096177478,0.79
141,APOBEC3C,0.698270819,0.13
146,ARCN1,0.987959473,0.81
147,"ARF1,ARF3",0.966881569,0.53
148,ARF4,0.978609769,0.44
149,ARF5,0.972569503,0.58
150,ARF6,1.066283233,0.44
151,ARFGAP2,0.894740756,0.25
152,ARFGAP3,1.060565373,0.9
158,ARHGAP1,0.847172988,0.09
160,ARHGAP12,1.10636316,0.67
170,ARHGDIA,0.940338546,0.49
175,ARHGEF17,0.93200128,0.3
177,ARHGEF2,0.724863768,0.01
180,ARHGEF6,0.820030403,0.04
181,ARHGEF7,0.853374427,0.04
184,ARL1,0.924286614,0.61
188,ARL8A,1.033078426,0.31
189,ARL8B,1.053036869,0.97
194,ARPC1A,0.732014347,0.01
195,ARPC1B,0.934367783,0.01
196,ARPC2,0.816852039,0.01
197,ARPC3,0.78359914,0.04
198,"ARPC4,ARPC4-TTLL3",0.769219438,0.03
199,ARPC5,0.660162794,0.06
200,ARPC5L,0.702798774,0.03
202,ASAP1,0.754059873,0.02
203,ASAP2,0.878891487,0.47
206,ASCC2,1.017799552,0.29
207,ASCC3,0.739585039,0.32
210,ASNA1,1.119765989,0.64
221,ATP1A1,1.082239245,0.57
225,ATP5A1,0.815065565,0.75
226,ATP5B,0.536986452,0.98
230,ATP6V1B2,0.851647664,0.43
236,ATXN10,0.739144949,0.63
237,ATXN2,0.966657487,0.32
238,ATXN2L,0.857905781,0.06
247,BAG3,0.689347206,0.11
248,"BAG6,BAT3",0.945159808,0.31
252,BASP1,1.415973234,0.63
253,BAX,1.038221041,0.82
256,BCAR1,0.673240888,0.58
257,BCAS1,0.963255807,0.48
259,BCAS3,1.025748491,0.51
264,BID,0.939610034,0.49
265,BIN3,0.855894878,0.21
287,BTF3L4,0.790057046,0.07
288,BUB3,0.816535967,0.15
291,BZW1,0.917930693,0.13
292,BZW2,0.918784632,0.18
299,C14ORF166,0.800296815,0.09
306,C1ORF198,0.835320455,0.05
312,"C4A,C4B",1.108981081,0.45
314,C8ORF33,0.870928716,0.27
320,CACYBP,1.020692383,0.31
321,CAD,0.885615775,0.37
323,"CALM1,CALM2,CALM3",1.213024449,0.23
330,CAMK2D,0.820434844,0.05
333,CAMSAP1,0.737507279,0.15
335,CAND1,0.799988593,0.15
336,CAND2,1.033445726,0.38
337,CANX,0.996879862,0.08
338,CAP1,1.289686914,0.75
341,CAPN1,0.913382568,0.53
342,CAPN2,1.039296053,0.45
343,CAPNS1,0.885665527,0.26
344,CAPRIN1,0.757274832,0.01
345,CAPZA1,0.878362249,0.09
346,CAPZA2,0.892924278,0.14
347,CAPZB,0.943254328,0.33
352,CASKIN2,1.052264942,0.76
356,CASQ2,0.982642649,0.33
359,CAV1,0.784493176,0.02
366,CC2D1A,0.643657831,0.02
369,CCAR2,0.763965855,0.29
372,CCDC132,0.677768031,0.01
374,CCDC141,1.343104411,0.63
376,CCDC186,1.027652444,0.23
380,"CCDC55,NSRP1",0.620482874,0.25
381,CCDC6,0.825716562,0.01
382,CCDC8,0.719001837,0.07
384,CCDC88A,0.765261721,0.67
385,CCDC9,0.621287181,0.19
387,CCT2,0.941907617,0.48
388,CCT3,0.968523912,0.4
389,CCT4,0.892531335,0.33
390,CCT5,0.983025104,0.92
391,CCT6A,0.911370948,0.33
392,CCT7,0.975888257,0.97
393,CCT8,0.885284011,0.12
400,CD59,0.826573472,0.5
401,CD63,0.90236963,0.35
402,CD81,0.99455824,0.74
403,CD82,1.062432311,0.8
410,CDC42,0.897409339,0.44
411,CDC42BPB,0.798994898,0.06
412,CDC42EP1,0.91532872,0.45
415,CDC42EP4,0.591186843,0.31
416,CDC5L,0.557756173,0.1
417,CDC73,1.237616266,0.35
422,CDK18,0.951910315,0.19
425,CDKN1A,0.71218114,0.05
427,CDKN2AIP,0.729353659,0.03
428,CDV3,0.739137313,0.06
437,CEP350,0.70200987,0.14
442,CFL1,1.089661009,0.87
456,CHORDC1,0.911791375,0.31
459,CINP,0.810000218,0.41
460,CIRBP,0.773428852,0.01
462,CKAP5,0.743996254,0.02
463,CKM,1.236286356,0.58
464,CKMT2,0.421935502,0.3
465,CLASP2,0.940817251,0.2
468,CLIC1,0.77798635,0.21
469,CLIC4,0.853761787,0.7
470,CLIP1,0.893136596,0.26
471,CLIP2,0.845358692,0.25
477,CLTC,0.844621769,0.65
480,CMAS,0.641795644,0.02
485,CNN2,1.200716211,0.79
486,CNN3,0.830840897,0.08
487,CNOT1,1.049170117,0.71
488,CNOT10,0.861198561,0.29
490,CNOT2,1.436202966,0.21
491,CNOT3,0.883627273,0.3
494,CNOT7,0.804280725,0.47
496,CNP,0.771313281,0.05
511,COLGALT1,1.339712418,0.57
515,COMMD4,0.917956529,0.22
518,COMMD9,0.841172717,0.02
520,COPA,0.663118693,0.03
521,COPB1,1.072512186,0.82
522,COPB2,0.815947605,0.09
523,COPE,0.86296711,0.25
524,COPG1,0.931585371,0.36
527,COPS3,0.963783671,0.52
530,COPS6,0.842660629,0.99
532,COPS8,0.815198665,0.78
533,COPZ1,1.102275822,0.94
537,CORO1C,0.720421862,0.46
538,CORO6,1.015084985,0.45
539,"CORO7,CORO7-PAM16",0.778228925,0.97
542,CPSF6,0.879519467,0.09
543,CPSF7,0.686380994,0.01
545,CRBN,1.323753028,0.43
546,CRIP2,0.780718915,0.04
551,CRYAB,1.015757102,0.36
553,CRYZ,0.930928303,0.91
555,CS,0.969340986,0.37
556,CSDC2,1.302234927,0.77
558,CSE1L,0.727072105,0.14
563,CSRP1,0.877618294,0.01
564,CSRP2,0.717724363,0.01
565,CSRP3,0.808682698,0.01
567,CSTB,0.787548131,0.86
573,CTIF,0.73211581,0.32
574,CTNNA1,0.858084497,0.16
576,CTNND1,0.893785008,0.03
578,CTR9,0.87532299,0.69
581,CTSD,0.864634925,0.76
584,CTTN,0.671692786,0.01
586,CTTNBP2NL,0.805244286,0.01
589,CUL3,0.834264251,0.14
604,DAPK3,0.649296483,0.06
607,DBR1,0.651672702,0.18
611,DCLK1,0.906133295,0.09
612,DCLK2,0.897721955,0.38
616,"DCTN1,DKFZP686E0752",0.96866546,0.64
617,DCTN2,1.195986669,0.85
619,DCTN4,1.132600245,0.45
624,DDB1,0.841626268,0.02
626,DDX1,0.77458245,0.07
627,DDX17,0.823666996,0.02
629,DDX19A,1.240790082,0.69
631,DDX21,0.664781543,0.05
632,DDX24,0.643815563,0.12
635,DDX3X,0.812535429,0.03
636,DDX3Y,1.164319508,0.89
639,DDX47,0.676701781,0.06
640,DDX5,0.899182764,0.11
643,DDX6,0.747462257,0.01
644,DECR1,0.935058815,0.28
653,DES,0.780362199,0.07
655,DHX15,0.806119603,0.04
656,DHX16,0.881663786,0.05
657,DHX29,0.77379501,0.03
661,DHX38,1.081130872,0.3
662,DHX57,0.588157211,0.02
668,DIP2B,0.826911705,0.03
670,DIS3,0.680668824,0.18
672,DKC1,0.706957953,0.01
673,"DKFZP434B2017,SAR1B",0.937993301,0.65
674,"DKFZP564M2223,SRP9",0.691579735,0.04
677,"DKFZP779D0968,HSPB7",1.224603264,0.2
689,DNAJA1,0.920186484,0.95
690,DNAJA2,0.930814978,0.27
691,DNAJB1,0.694293215,0.03
693,DNAJB4,0.792425504,0.02
703,DNAJC8,0.87914124,0.11
704,DNAJC9,0.853976214,0.06
705,DNM2,0.829552996,0.06
708,DOCK1,1.518237271,0.7
710,DOCK11,1.603933658,0.79
712,DOCK6,0.806114579,0.23
713,DOCK7,0.805168636,0.06
715,DPYSL2,1.275930375,0.89
718,DRG1,0.750421797,0.02
724,DST,0.95946392,0.62
725,DSTN,1.165560692,0.82
731,DUSP27,1.166216682,0.5
735,DYNC1H1,0.807292072,0.02
737,DYNC1I2,0.755887032,0.01
738,DYNC1LI1,0.753071804,0.01
739,DYNC1LI2,0.48456011,0.01
740,DYNLL1,0.926203769,0.88
742,DYNLRB1,0.945524422,0.18
743,DYNLT1,0.754325026,0.07
744,DYNLT3,0.881172285,0.52
749,ECHDC1,1.136243369,0.25
753,EDC4,0.851230286,0.31
754,EDF1,0.750990936,0.01
755,EEA1,0.617248974,0.18
756,"EEF1A1,EEF1A1P5",0.830314279,0.06
757,EEF1A2,0.85131663,0.1
758,EEF1B2,0.735438896,0.03
759,EEF1D,0.752969282,0.01
760,EEF1G,0.702041145,0.01
761,EEF2,0.836721391,0.09
763,EFHD2,0.724613428,0.05
768,EHBP1L1,1.018057792,0.89
769,EHD1,1.021711285,0.51
770,EHD2,0.969929151,0.44
772,EHD4,1.038889364,0.58
774,EIF1AY,0.781234608,0.08
776,EIF2AK2,0.858197152,0.11
782,EIF2S1,0.731609355,0.01
784,"EIF2S3,EIF2S3L",0.724031141,0.04
785,EIF3A,0.837095835,0.01
786,EIF3B,0.747625839,0.01
787,"EIF3C,EIF3CL",0.877640947,0.02
788,EIF3D,0.973164771,0.47
789,EIF3E,0.886921017,0.07
790,EIF3F,1.030371404,0.93
791,EIF3G,0.767707573,0.01
792,EIF3H,0.919920544,0.3
793,EIF3I,0.838492225,0.01
794,EIF3J,0.722633591,0.24
796,EIF3L,0.854441521,0.17
797,EIF3M,0.744391528,0.02
798,EIF4A1,0.816807959,0.17
799,EIF4A2,0.775160401,0.19
800,EIF4A3,0.698321376,0.47
801,EIF4E,0.899850014,0.36
802,EIF4E2,0.774091422,0.16
804,EIF4G1,0.840271728,0.03
805,EIF4G2,0.732295384,0.01
806,EIF4G3,1.01874439,0.3
807,EIF4H,0.757921446,0.03
808,EIF5A,0.856714125,0.1
809,EIF5B,0.718198202,0.01
810,EIF6,0.986347392,0.8
812,ELAVL1,1.012084209,0.85
814,ELMO2,0.890415709,0.29
821,EML4,0.809914015,0.12
822,ENAH,0.69548022,0.03
823,ENDOG,0.832537087,0.86
824,ENO3,0.739277688,0.4
832,EPRS,0.897252543,0.21
835,EPS8,0.820311944,0.02
837,ERC1,0.909376643,0.85
841,ERH,0.567067852,0.21
845,ETF1,0.669180966,0.07
850,EWSR1,0.71561036,0.01
851,EXOC1,1.373697796,0.49
852,EXOC2,0.733148209,0.3
854,EXOC4,0.969419809,0.08
869,EZR,0.899629008,0.53
870,F13A1,0.803620695,0.01
874,FAHD1,1.147266964,0.31
875,"FAHD2A,FAHD2B",0.77689939,0.3
876,FAM114A1,1.021397387,0.99
877,FAM114A2,1.15912091,0.26
879,FAM120A,0.800568806,0.01
880,FAM120B,0.648545191,0.02
884,FAM129B,0.810091347,0.87
888,FAM214B,0.911165277,0.91
889,FAM21A,0.849626772,0.01
893,FAM49B,0.889354275,0.27
894,FAM50A,0.773655287,0.04
898,FAM96B,0.651005641,0.67
899,FAM98A,0.745052766,0.01
900,FAM98B,0.756755152,0.02
903,FARSA,0.907535698,0.36
904,FARSB,0.813428135,0.16
905,FASN,0.870751855,0.76
909,FBL,0.918165805,0.25
918,FERMT2,1.162848547,0.48
919,FERMT3,0.933386026,0.48
924,FHL1,0.862742046,0.01
925,FHL2,1.007048039,0.49
926,FHL3,0.992500381,0.52
928,FILIP1,0.944528758,0.21
930,FIS1,0.865088911,0.01
932,FKBP15,0.851404644,0.07
934,FKBP3,0.763528163,0.01
937,FLII,0.785624898,0.09
939,FLNC,0.899024253,0.07
941,FMNL1,0.743422762,0.08
943,FMR1,0.665761281,0.1
944,FN1,0.85679247,0.03
948,FOCAD,0.093392013,0.17
949,FOXK1,0.668400169,0.01
958,FUBP1,0.70898581,0.12
961,FXR1,0.758999326,0.01
962,FXR2,0.932937596,0.08
964,G3BP1,0.809120657,0.01
965,G3BP2,0.8607986,0.09
968,GAK,0.95861335,0.6
969,GALK1,0.775806308,0.09
972,GAPDH,0.869029349,0.2
976,GBF1,0.703329832,0.28
983,GCN1L1,0.80363012,0.02
988,GET4,0.972555106,0.41
989,GFPT1,0.899653446,0.6
992,GGA2,0.925885152,0.68
995,GIGYF2,0.755366515,0.03
997,GIT1,1.203870412,0.37
998,GIT2,0.799294576,0.14
999,GLIPR2,0.891520399,0.48
1009,GMPPA,0.823813852,0.48
1014,GNB1,0.900777114,0.05
1016,GNB2L1,0.998797754,0.68
1020,GNL3,1.112352276,0.33
1038,GREM1,0.553229283,0.12
1043,GRWD1,0.902182128,0.53
1045,GSK3A,0.726962076,0.11
1046,GSK3B,0.761889117,0.04
1048,GSTK1,0.981039245,0.76
1053,GTF2F1,0.621709284,0.01
1054,GTF2F2,0.881681081,0.07
1055,GTF2I,0.790365345,0.12
1058,GTPBP1,0.766591134,0.02
1059,GTPBP4,1.010472233,0.34
1061,H1F0,0.643556745,0.09
1062,H1FX,0.851523272,0.04
1063,"H2AFV,H2AFZ",0.811936684,0.19
1071,HBS1L,1.136751685,0.74
1082,HDLBP,0.86177728,0.07
1094,HIST1H1B,0.782921628,0.06
1095,HIST1H1C,0.760232627,0.05
1096,"HIST1H2BA,HIST1H2BB,HIST1H2BJ,HIST1H2BO,HIST2H2BE,HIST3H2BB",1.022882334,0.99
1097,HIST1H4A,1.791953477,0.62
1106,HNRNPA0,0.87642523,0.01
1107,"HNRNPA2B1,HNRPA2B1",0.886604713,0.01
1108,HNRNPA3,0.852401518,0.01
1109,HNRNPAB,0.843817531,0.07
1110,HNRNPC,0.645134783,0.06
1111,HNRNPD,0.952602491,0.35
1112,HNRNPDL,0.962474534,0.46
1113,HNRNPF,0.886620821,0.47
1114,HNRNPH1,0.652616238,0.01
1116,HNRNPH3,0.845194363,0.12
1117,HNRNPK,0.743598131,0.01
1118,HNRNPL,0.802060361,0.08
1119,HNRNPLL,0.863193877,0.33
1120,HNRNPM,0.830983684,0.16
1121,HNRNPR,1.065796428,0.9
1122,HNRNPU,0.807337623,0.01
1123,HNRNPUL1,0.749954465,0.08
1125,"HNTN1,TNNT2",0.802270235,0.52
1127,HOMER3,0.85993844,0.83
1128,HOOK3,1.033566809,0.17
1130,HP1BP3,0.766135128,0.02
1136,HRC,1.332111826,0.92
1137,HSD17B10,0.871766428,0.35
1139,HSD17B4,0.741045375,0.16
1141,HSDL2,0.908395905,0.55
1142,HSP90AA1,0.889526802,0.23
1143,HSP90AB1,0.874379949,0.29
1144,HSP90AB2P,1.122910875,0.34
1145,HSP90B1,0.930744563,0.78
1146,HSPA12A,0.918969536,0.15
1148,"HSPA1A,HSPA1B",1.021288002,0.99
1149,HSPA4,0.714218838,0.3
1150,HSPA5,0.910371739,0.24
1151,HSPA8,0.861815572,0.13
1153,HSPB1,0.815751362,0.02
1159,HSPD1,0.975096121,0.88
1160,"HSPE1-MOB4,MOB4",0.858198201,0.02
1165,HTRA1,0.998450731,0.45
1169,IARS,0.726440059,0.27
1172,IDH1,1.048752066,0.54
1173,IDH2,0.95107498,0.2
1175,IDH3B,0.918188107,0.4
1179,IFI16,0.690462242,0.03
1184,IGBP1,0.949175772,0.56
1186,IGF2BP2,0.852532131,0.1
1187,IGF2BP3,0.792308472,0.03
1191,IKBKAP,0.896130559,0.18
1194,ILF2,0.974644703,0.6
1198,IMPDH2,0.840298585,0.88
1202,INPPL1,0.774624401,0.04
1208,IPO4,0.718347608,0.29
1209,IPO5,0.79378739,0.64
1210,IPO7,0.755477564,0.2
1213,IQGAP1,0.814115938,0.84
1217,IRF2BP1,1.07276916,0.74
1218,IRF2BP2,0.763598633,0.09
1219,IRF2BPL,1.025638496,0.72
1226,ITGA3,0.79651553,0.83
1229,ITGA6,0.968992991,0.13
1230,ITGA7,0.965678537,0.36
1231,ITGAV,1.152559589,0.28
1232,ITGB1,0.901686297,0.16
1234,ITGB5,0.667798025,0.25
1242,JSRP1,0.568053829,0.21
1244,KANK1,1.6298974,0.98
1245,KANK2,1.130498983,0.77
1247,KCTD12,0.779356295,0.02
1250,KHDRBS1,0.991775384,0.49
1251,KHSRP,0.806023994,0.14
1252,KIAA0020,0.976978941,0.25
1253,KIAA0196,1.054762083,0.76
1255,KIAA1033,0.710711371,0.4
1261,KIF13B,1.07297031,0.91
1263,"KIF1B,KIF1BBETA",0.695111114,0.02
1268,KIF5B,0.797950085,0.04
1271,KLC1,0.759840692,0.01
1272,KLC2,0.786899405,0.02
1278,KLHL31,1.141742065,0.97
1279,KLHL40,1.02916164,0.46
1280,KLHL41,0.910415392,0.09
1283,KPNA2,0.754505811,0.07
1287,KPNB1,1.006940549,0.51
1297,LAMC1,1.37963995,0.7
1303,LAPTM4A,0.949010462,0.77
1304,LARP1,0.802499306,0.11
1309,LARS,0.54424945,0.17
1310,LASP1,0.902046464,0.43
1313,LDHA,1.087035503,0.71
1314,LDHB,0.878977821,0.57
1316,LEO1,0.720979327,0.15
1317,LGALS1,0.8426252,0.07
1319,LGALS3BP,2.07497067,0.4
1323,LIMCH1,0.748617088,0.44
1324,LIMD1,0.891881222,0.1
1329,LMCD1,0.871744891,0.34
1330,LMNA,0.775884934,0.5
1331,LMO7,0.907098042,0.1
1332,LMOD3,0.762839446,0.04
1337,LPIN1,1.025467701,0.61
1338,LPP,0.755830939,0.01
1348,LRRC17,0.858896092,0.24
1349,LRRC40,1.364302386,0.1
1350,LRRC47,0.850528157,0.12
1353,LRRFIP1,0.815331362,0.06
1357,LSM14A,0.669260183,0.01
1365,LTN1,0.890546387,0.25
1366,LTV1,0.957798462,0.02
1368,LUC7L2,0.577022563,0.01
1370,LUZP1,0.87378423,0.13
1371,LYAR,0.683765793,0.03
1375,MACROD1,1.297183191,0.85
1376,MAD1L1,0.72024457,0.14
1378,MAGED1,0.843375818,0.3
1379,MAGED2,0.795749986,0.04
1380,MANF,1.21816811,0.68
1382,MAP1B,0.72327338,0.03
1383,MAP1S,0.864503513,0.06
1385,MAP2K2,1.024564988,0.77
1388,MAP4K4,1.006301896,0.49
1390,MAP7D3,1.13629691,0.66
1391,MAPK1,0.932082579,0.28
1395,MAPRE1,0.762454678,0.79
1396,MAPRE3,0.796443317,0.2
1397,MARCKS,0.734275754,0.02
1398,MARCKSL1,0.877901437,0.11
1399,MARK2,0.57661669,0.07
1400,MARK3,1.187376557,0.84
1401,MARS,0.952599665,0.93
1407,MATR3,0.784163811,0.14
1414,MDH2,0.673791762,0.44
1416,MED15,0.943778121,0.84
1420,METAP2,0.686721483,0.01
1424,MFGE8,1.001398166,0.27
1425,MGLL,1.725876462,0.18
1429,MICAL1,0.947900335,0.84
1439,MLLT11,0.966311456,0.28
1441,MLST8,0.886244203,0.05
1450,"MOB1A,MOB1B",0.815133812,0.38
1467,MRTO4,0.722672388,0.05
1469,MSH6,0.741123542,0.03
1470,MSN,0.816848269,0.06
1473,MTHFD1,0.849359011,0.25
1476,MTOR,0.838377895,0.14
1477,MTSS1L,0.801629824,0.04
1478,MTX3,1.16430956,0.98
1482,MURC,0.784326283,0.12
1484,MVB12A,0.808453409,0.01
1486,MVP,0.8485895,0.17
1488,MYBBP1A,0.705599799,0.02
1491,MYBPH,0.797916036,0.44
1495,MYH10,0.402108155,0.05
1500,MYH3,0.870392257,0.14
1501,MYH7,0.83354296,0.37
1502,MYH8,0.645070428,0.04
1503,MYL12A,0.609063925,0.06
1506,MYL4,0.578628612,0.02
1507,MYL6B,0.591228735,0.07
1508,MYL9,0.559853265,0.14
1510,MYLPF,0.856466751,0.12
1511,MYO18A,0.954217923,0.42
1512,MYO18B,1.091182791,0.9
1514,MYO1C,0.781579343,0.08
1519,MYO9B,0.765774009,0.15
1520,MYOF,0.525726234,0.79
1522,MYOM1,1.022128509,0.85
1523,MYOM2,0.461198804,0.56
1524,MYOM3,0.708704143,0.21
1527,MYPN,0.812664583,0.02
1532,NAA25,0.98552176,0.13
1535,NAA50,0.660930859,0.18
1537,NAMPT,0.542216545,0.29
1538,NAP1L1,0.890930176,0.19
1540,NAPA,0.911287131,0.58
1541,NARS,0.86282146,0.32
1543,NAV1,1.099673997,0.79
1545,NAV3,1.362221055,0.46
1546,NCAM1,0.862870267,0.21
1554,NCKAP1,0.734781537,0.01
1555,NCKAP5L,1.089992265,0.86
1556,NCL,0.713503652,0.04
1563,NEB,0.850168522,0.01
1566,NEDD4L,1.035724748,0.42
1577,NES,0.75138585,0.11
1578,NEXN,0.688660978,0.14
1589,NIFK,0.650201477,0.51
1594,NMD3,0.625950093,0.33
1597,NMT1,0.868063841,0.07
1598,NNMT,0.734441144,0.36
1603,NONO,0.764320551,0.05
1606,NOP2,0.733045684,0.12
1607,NOP56,0.854188579,0.38
1608,NOP58,0.995201017,0.62
1613,NPLOC4,0.705246032,0.03
1614,NPM1,0.872778661,0.06
1616,NR3C1,0.92658809,0.17
1622,NT5E,0.935997028,0.88
1623,NTPCR,0.757986974,0.2
1625,NUBP2,1.242611937,0.17
1627,NUDC,1.262845572,0.11
1629,NUDT16,0.747543696,0.84
1631,NUDT21,0.753772381,0.06
1632,NUFIP2,0.700237364,0.01
1635,NUMBL,0.752772914,0.06
1640,NUP214,0.953394101,0.38
1641,NUP54,1.243158508,0.51
1643,NUP88,0.954009839,0.78
1646,NUPL1,1.341232958,0.1
1648,NXF1,0.974328309,0.49
1650,OBSCN,0.227071953,0.47
1651,OBSL1,0.773748262,0.08
1660,OSBPL3,0.725588006,0.11
1662,OTUB1,0.854754347,0.51
1663,OTUD4,0.767929154,0.01
1664,OTUD6B,0.863259062,0.52
1666,OXSR1,1.050969167,0.6
1670,PA2G4,0.739445322,0.01
1671,PABPC1,0.93666258,0.33
1673,PACS1,0.750648745,0.03
1678,PAF1,0.716446096,0.17
1681,PAICS,0.930517429,0.89
1684,PAK2,0.924209717,0.73
1686,PALLD,0.777225698,0.02
1689,PARD3,0.934767381,0.05
1691,PARK7,0.861761381,0.07
1692,PARP1,0.75431678,0.03
1693,PARP4,0.863297141,0.16
1694,PARVA,0.943512872,0.54
1698,PBDC1,0.886348823,0.42
1702,PCBP1,0.918180314,0.49
1703,PCBP4,1.269796961,0.89
1705,PCMT1,1.065122748,0.71
1707,PCYT1A,1.125237607,0.57
1708,PDAP1,0.521745343,0.01
1709,PDCD10,1.017810533,0.67
1721,PDLIM3,0.886412823,0.13
1722,PDLIM4,0.829668821,0.09
1723,PDLIM5,0.710580085,0.02
1725,PDRG1,0.77986594,0.16
1726,PDS5A,0.896511309,0.19
1728,PDXDC1,1.619974804,0.06
1733,PELO,0.833945645,0.01
1734,PES1,0.498759934,0.31
1735,PFDN2,0.734058681,0.01
1738,PFKL,0.955392081,0.09
1739,PFKM,0.809249735,0.01
1740,PFKP,0.790901049,0.21
1741,PGAM1,1.368476681,1.0
1743,PGD,1.634967923,0.47
1753,PHF6,0.804633869,0.65
1754,PHGDH,0.623983397,0.31
1757,PHLDB1,0.857172739,0.12
1761,PICALM,0.920622827,0.15
1763,PIH1D1,0.931215489,0.13
1769,PIN4,0.517391207,0.01
1777,PKM,0.997376845,0.79
1778,PKN1,1.004224067,0.47
1779,PKN2,0.981401696,0.03
1785,PLCB3,1.118310813,0.85
1789,PLEC,0.897111079,0.59
1797,PLIN3,0.98744395,0.77
1799,PLOD1,0.91152403,0.89
1807,PNO1,0.959648496,0.56
1812,POLDIP3,0.863696808,0.44
1818,POLR2E,0.769800004,0.14
1823,PPA1,0.595981307,0.09
1825,PPFIA1,0.966008891,0.56
1826,PPFIA4,0.897428192,0.17
1828,PPIA,0.875944983,0.39
1829,PPIB,0.844914839,0.05
1838,PPP1CA,0.815650695,0.06
1839,PPP1CB,0.776563448,0.02
1845,PPP1R14B,0.700810575,0.03
1846,PPP1R18,0.815121744,0.04
1847,PPP1R21,0.822534401,0.03
1849,PPP2R1A,0.908493537,0.08
1850,PPP2R1B,0.994878841,0.73
1851,PPP2R2A,0.733962124,0.01
1852,PPP2R2D,0.705113976,0.01
1853,PPP2R3A,0.889398701,0.09
1854,PPP2R3B,0.874245143,0.14
1855,PPP2R5B,0.964786958,0.48
1856,PPP2R5C,1.154203099,0.33
1857,PPP2R5D,0.972732351,0.56
1858,PPP2R5E,0.824925702,0.26
1859,PPP3CA,1.312753398,0.71
1863,PPP4C,0.999635478,0.87
1864,PPP4R1,0.79000043,0.01
1865,PPP4R2,0.863633285,0.06
1866,PPP6C,1.369895106,0.58
1869,PRDX1,0.806930663,0.27
1870,PRDX2,0.790456898,0.31
1874,PRDX6,1.052226044,0.91
1875,PRKAA1,1.171750556,0.82
1878,PRKAB2,0.97186058,0.7
1879,PRKAG1,1.2440813,0.13
1883,PRKCDBP,0.533043588,0.05
1886,PRKDC,0.797205035,0.01
1887,PRKRA,0.768648237,0.01
1888,PRMT5,1.24300797,0.21
1890,PROB1,0.684592602,0.91
1892,PRPF19,0.912315929,0.21
1893,PRPF31,1.002708146,0.79
1897,PRPS1,0.83048043,0.04
1902,PRRC2A,0.729508197,0.01
1903,PRRC2B,0.839890312,0.47
1904,PRRC2C,0.691416091,0.01
1906,PRUNE2,1.487377764,0.23
1909,PSMA1,1.122804857,0.46
1910,PSMA2,1.165631579,0.39
1913,PSMA5,0.834581692,0.3
1914,PSMA6,0.862410009,0.58
1915,PSMA7,0.992892513,0.79
1918,PSMB5,0.883201844,0.43
1921,PSMC1,0.970138029,0.75
1925,PSMC5,0.861936873,0.64
1927,PSMD1,0.850822615,0.51
1929,PSMD11,0.8716827,0.55
1932,PSMD14,0.928855956,0.49
1933,PSMD2,0.910607587,0.23
1934,PSMD3,0.855791784,0.75
1940,PSME1,0.983767413,0.17
1941,PSME2,0.974603237,0.96
1942,PSME3,1.091638714,0.95
1947,PTBP1,0.900718671,0.19
1952,PTGFRN,0.859319518,0.9
1957,PTPN12,0.78625635,0.1
1959,PTPN21,0.928185101,0.26
1962,PUF60,0.883759829,0.35
1963,PUM1,0.946211143,0.56
1965,PURA,1.062667145,0.89
1968,PWP1,0.901562472,0.28
1971,PXN,0.770683816,0.03
1974,PYCRL,1.082342812,0.73
1978,RAB10,1.03622624,0.58
1979,RAB11B,1.013610482,0.53
1980,RAB12,0.856672459,0.33
1981,RAB13,0.836607864,0.41
1982,RAB14,0.934795114,0.73
1983,RAB18,1.050920409,0.53
1984,RAB1A,0.898915089,0.44
1985,RAB1B,0.868653819,0.47
1986,RAB21,0.942405934,0.46
1987,RAB22A,0.609654956,0.87
1990,RAB2A,0.970102925,0.62
1994,RAB34,1.188306267,0.4
1999,RAB5A,0.898697869,0.22
2000,RAB5B,1.026418224,0.31
2001,RAB5C,0.84122484,0.03
2002,RAB7A,1.047720067,0.55
2003,RAB8A,0.840891967,0.07
2007,"RAC1,RAC2,RAC3",0.923517907,0.27
2009,RAD23B,0.632350004,0.34
2013,RAI14,0.740118112,0.21
2020,RANBP2,1.048294288,0.77
2021,RANGAP1,0.989030613,0.94
2022,RAP1B,0.859468417,0.95
2025,RAPGEF1,1.152536159,0.99
2026,RAPH1,0.920374621,0.46
2030,RASAL2,1.130814632,0.46
2031,RASSF4,0.826669269,0.27
2032,RAVER1,1.055664305,0.97
2037,RBM14,0.68553325,0.05
2040,"RBM24,RBM38",1.013652479,0.93
2041,RBM25,0.767504577,0.34
2043,RBM28,0.726713446,0.04
2044,RBM3,0.70227482,0.02
2051,"RBMX,RBMXL1",0.927883766,0.47
2054,RBX1,1.088219845,0.55
2058,RCC2,0.758414148,0.12
2062,RDX,0.808349342,0.24
2063,RECQL,0.797243324,0.06
2064,REEP1,0.93473882,0.26
2078,RHOA,0.902223461,0.54
2080,RHOG,0.911760971,0.6
2081,RICTOR,1.069323296,0.87
2082,RIN1,1.963073937,0.16
2090,RNF114,0.818898843,0.3
2093,RNF213,0.749940361,0.23
2094,RNF214,0.668700912,0.01
2098,RNH1,0.879908203,0.29
2100,ROCK1,0.754376862,0.22
2101,ROCK2,0.915805774,0.26
2106,RPAP3,0.723740603,0.04
2108,RPL10,0.738853962,0.06
2109,RPL10A,0.79216247,0.01
2110,RPL12,0.769225216,0.03
2111,RPL13,0.767396951,0.01
2112,"RPL13A,RPL13A,RPL13AP3",0.551189113,0.01
2113,RPL14,0.662522039,0.01
2114,RPL15,0.719404618,0.12
2115,"RPL17,RPL17-C18ORF32",0.779494734,0.02
2116,RPL18,0.579701574,0.04
2117,RPL18A,0.758348601,0.02
2118,RPL19,0.846359751,0.04
2119,RPL21,0.817700209,0.07
2120,RPL22,0.814342826,0.01
2122,RPL23,0.926555438,0.04
2123,RPL23A,0.78815787,0.03
2124,RPL24,0.758726509,0.01
2125,RPL26,0.844016226,0.03
2127,RPL27,0.812703926,0.04
2128,RPL27A,0.921634261,0.76
2131,RPL3,0.729225949,0.01
2132,RPL30,0.732465366,0.01
2133,RPL31,0.776494699,0.02
2134,RPL32,0.651958362,0.01
2135,RPL34,0.60473809,0.01
2136,RPL35,0.788792025,0.03
2137,RPL35A,0.871698882,0.03
2138,RPL36,0.750190629,0.02
2139,"RPL36A,RPL36A-HNRNPH2",0.64343989,0.04
2141,RPL37A,0.721564307,0.01
2142,RPL38,0.82732859,0.14
2143,RPL4,0.759773548,0.05
2144,RPL5,0.786775294,0.02
2145,RPL6,0.735113263,0.02
2146,RPL7,0.750642856,0.01
2147,RPL7A,0.759425634,0.02
2149,RPL8,0.803966667,0.05
2150,RPL9,0.788740389,0.68
2151,"RPLP0,RPLP0P6",0.761958303,0.03
2152,RPLP1,0.72914113,0.04
2153,RPLP2,0.774212943,0.06
2163,"RPS10,RPS10-NUDT3",0.8082738,0.01
2164,RPS11,0.812813413,0.02
2165,RPS12,0.82616009,0.36
2166,RPS13,0.758973857,0.01
2167,RPS14,0.78502688,0.03
2168,RPS15,0.826633854,0.02
2169,RPS15A,0.795662356,0.05
2170,RPS16,0.802542772,0.01
2171,RPS17,0.770827712,0.01
2172,RPS18,0.823465989,0.02
2173,RPS19,0.799100452,0.03
2175,RPS2,0.821882191,0.01
2176,RPS20,0.76411986,0.01
2178,RPS23,0.823934347,0.15
2179,RPS24,0.763524839,0.01
2180,RPS25,0.796607393,0.02
2181,"RPS26,RPS26P11",0.686530331,0.01
2183,"RPS27A,UBA52,UBB,UBC",0.820132912,0.01
2184,RPS27L,0.769432233,0.03
2185,RPS28,0.701016437,0.02
2186,RPS29,0.785944204,0.15
2190,RPS4Y1,0.795395055,0.04
2191,RPS5,0.733005296,0.06
2192,RPS6,0.754842058,0.01
2193,RPS7,0.796486441,0.06
2195,RPS9,0.81467738,0.06
2196,RPSA,0.987582834,0.97
2197,RQCD1,1.145700845,0.94
2198,RRAD,1.018384684,0.77
2202,RRBP1,0.587457122,0.02
2206,RRP12,0.745660332,0.06
2208,RRP1B,1.413485887,0.83
2213,RSL1D1,0.900942537,0.24
2214,RSU1,0.810994555,0.02
2215,RTCA,0.91976618,0.42
2221,RTN4,0.823412436,0.22
2223,RUVBL1,1.164546296,0.96
2224,RUVBL2,0.790825136,0.01
2228,S100A10,0.722220589,0.88
2231,S100A16,0.976909206,0.66
2241,SACS,1.10213825,0.6
2243,SAMD4A,0.718376251,0.04
2244,SAMD4B,0.546281845,0.05
2247,SAMHD1,0.645250608,0.01
2248,SAR1A,0.846156794,0.27
2250,SARS,0.809836465,0.08
2252,SART1,0.665079569,0.06
2254,SASH1,1.2529571,0.39
2255,SBDS,0.779646601,0.02
2256,SBF1,1.330109921,0.63
2260,SCAF4,0.709144361,0.06
2267,SCFD1,1.002975208,0.58
2273,SCYL2,1.144422638,0.37
2278,SEC13,0.806099318,0.01
2279,SEC14L1,0.945410321,0.05
2280,SEC16A,1.60064423,0.35
2282,SEC23A,0.743868443,0.66
2289,SEC31A,0.842911353,0.06
2293,11-Sep,0.732029022,0.12
2294,2-Sep,1.114389912,0.67
2297,7-Sep,1.05035206,0.39
2299,9-Sep,1.033828879,0.43
2309,SERPINE2,0.789968412,0.21
2310,SERPINH1,0.975103063,0.66
2313,SETD3,0.792617083,0.15
2315,SF1,0.71438455,0.01
2316,SF3A1,0.682976906,0.03
2318,SF3A3,1.763996202,0.65
2319,SF3B1,1.223393802,0.85
2320,SF3B2,0.929418857,0.63
2321,SF3B3,0.715025436,0.69
2326,SFPQ,0.773220903,0.14
2328,SGTA,0.824104191,0.36
2331,SH3GL1,0.773781365,0.38
2332,SH3GLB1,0.876684171,0.17
2334,SH3KBP1,0.920956104,0.13
2335,SH3PXD2A,0.858279156,0.03
2344,SIRT2,0.889472435,0.14
2347,SKP1,0.951794274,0.52
2348,SLAIN2,0.741932735,0.16
2354,SLC3A2,1.278126125,0.65
2356,SLC4A1AP,1.270629019,0.94
2364,SMAD1,0.942921507,0.52
2374,SMC3,0.923606425,0.36
2376,SMEK1,0.922217643,0.31
2377,SMEK2,1.025535534,0.84
2379,SMG8,0.67247209,0.02
2380,SMG9,0.918170742,0.07
2381,"SMN1,SMN2",0.842461476,0.03
2383,SMTN,0.890332273,0.02
2390,SND1,0.797803266,0.04
2394,SNRPA,1.169057385,0.65
2395,SNRPA1,0.954669453,0.66
2396,"SNRPB,SNRPN",0.869121809,0.1
2397,SNRPB2,1.090271486,0.51
2398,SNRPD1,0.783039518,0.82
2399,SNRPD2,0.849702563,0.54
2400,SNRPD3,0.806408429,0.01
2409,SNX3,0.856119011,0.04
2416,SORBS1,0.940774328,0.33
2422,SPARC,0.89655437,0.92
2425,SPATA5L1,1.204949635,0.64
2426,SPATS2,1.148616161,0.13
2430,SPG20,0.883420139,0.18
2437,SPTBN1,0.990398318,0.82
2438,SQSTM1,0.791476461,0.73
2440,SRGAP1,0.855955988,0.01
2441,SRGAP2,0.873906119,0.02
2445,SRP14,0.721896643,0.07
2447,SRP54,0.846862867,0.03
2448,SRP68,1.274680708,0.88
2450,SRPK1,0.696712109,0.09
2454,SRR,0.992797423,0.53
2458,SRSF2,0.789132644,0.02
2461,SRSF5,0.684721462,0.02
2465,SSB,0.687767099,0.05
2471,"ST13,ST13P4,ST13P5",0.805926385,0.14
2475,STARD13,0.660766251,0.01
2476,STAT1,0.724551106,0.1
2477,STAT2,0.589646855,0.08
2478,STAT3,0.796902886,0.99
2482,STAU2,0.766067086,0.31
2484,STK10,0.804566064,0.12
2486,STK25,0.784937338,0.9
2492,STRAP,0.813512858,0.1
2494,STRIP1,0.88131454,0.08
2495,STRIP2,0.954441327,0.39
2496,STRN,0.90068704,0.11
2497,STRN4,0.894332503,0.13
2503,STXBP5,0.983358967,0.52
2504,SUB1,0.716591828,0.02
2519,SYNCRIP,0.95190171,0.3
2522,SYNJ2,1.509268496,0.59
2523,SYNPO2,0.781778814,0.05
2524,SYNPO2L,0.734524439,0.01
2530,TACC1,1.069983814,0.55
2535,TAGLN,0.723391672,0.12
2536,TAGLN2,0.844453113,0.34
2541,TAOK1,1.293481585,0.4
2543,TAOK3,1.371545382,0.65
2544,"TARDBP,TDP43",0.769553271,0.14
2545,TARS,0.623998174,0.36
2547,TATDN3,1.087860192,0.61
2548,TBC1D10B,0.963653881,0.79
2551,TBC1D5,1.006518465,0.11
2552,TBC1D7,0.840948767,0.42
2559,TBK1,0.929748294,0.21
2566,TCEB1,0.524381324,0.6
2567,TCEB2,0.846812191,0.34
2569,TCERG1,0.673663145,0.04
2572,TCP1,0.897808348,0.34
2573,TDRD3,0.886873483,0.28
2580,TFG,0.640170994,0.24
2581,TFRC,0.692776799,0.53
2584,TGM2,0.816732838,0.17
2587,THBS1,0.978583216,0.03
2590,THY1,1.018235553,0.36
2591,THYN1,0.619797014,0.18
2594,TIMM44,1.204587276,0.02
2599,TJP1,0.799403384,0.01
2604,TLN1,0.985355247,0.85
2612,"TMEM189-UBE2V1,UBE2V1",0.723204118,0.16
2613,TMEM263,0.974737523,0.48
2615,TMOD1,1.123286151,0.6
2618,TNFAIP2,0.672830553,0.06
2620,TNKS1BP1,0.794310822,0.1
2622,TNNC1,0.979199826,0.78
2623,TNNI1,0.669240324,0.08
2624,TNNI2,0.619578421,0.01
2625,TNNT1,0.852458515,0.43
2626,TNNT3,0.751231243,0.01
2627,TNPO1,0.988611471,0.48
2631,TNS3,0.993643023,0.63
2636,TOMM34,0.906147428,0.17
2637,TOP1,0.75766232,0.05
2638,TOP2B,0.486842461,0.03
2643,TP53I3,0.686247913,0.08
2646,TPD52L1,0.955760216,0.62
2647,TPD52L2,1.086093275,0.57
2649,TPM1,0.492220296,0.67
2650,TPP1,0.811857552,0.95
2653,TPRG1L,1.028382418,0.42
2656,TRAFD1,1.19820523,0.62
2663,TRIM21,0.940831181,0.97
2665,TRIM25,0.862741161,0.01
2666,TRIM28,0.693874739,0.01
2670,TRIM38,0.548916946,0.01
2673,TRIM54,0.945596872,0.85
2674,TRIM55,0.723078178,0.06
2676,TRIM72,0.950153671,0.88
2677,TRIO,0.978891365,0.25
2679,TRIP10,0.751738134,0.01
2680,TRIP11,0.975106259,0.46
2681,TRIP12,0.870579118,0.12
2683,TRIP4,0.909149295,0.3
2684,TRIP6,0.653354026,0.08
2686,TRMT1L,0.717127118,0.01
2689,TROVE2,0.830985867,0.02
2692,TSC1,0.941509056,0.28
2693,TSC2,0.77296154,0.02
2695,TSG101,0.947184326,0.29
2708,TTC37,0.649886431,0.01
2714,TTN,1.013200979,0.47
2717,TUBA1C,0.763869133,0.19
2719,TUBB,0.883564029,0.5
2720,TUBB3,1.012701583,0.97
2721,TUBB6,0.746894886,0.1
2722,TUBB8,1.017203412,0.37
2723,"TUBG1,TUBG2",1.080245122,0.58
2724,TUBGCP2,0.720001086,0.39
2728,TUFM,0.754694796,0.5
2733,TXLNB,0.832839715,0.06
2738,U2AF2,0.993774235,0.96
2739,UACA,0.834021835,0.85
2740,UBA1,0.782668597,0.5
2741,UBA2,1.845448384,0.21
2744,UBAP2,0.803351778,0.23
2745,UBAP2L,0.76566511,0.01
2750,UBE2K,0.975414578,0.78
2751,UBE2L3,0.898052659,0.61
2753,"UBE2N,UBE2NL",1.009369537,0.65
2757,UBL4A,0.987866256,0.25
2759,UBQLN2,0.802883845,0.8
2767,UFD1L,0.869986862,0.08
2769,UGDH,1.265003619,0.97
2777,UNC45B,0.743495892,0.11
2783,URI1,0.684439213,0.03
2784,USO1,1.161978193,0.45
2791,USP5,0.866575082,0.49
2793,USP8,1.049942836,0.6
2794,USP9X,1.150151252,0.7
2799,UXT,0.900128806,0.38
2800,VAC14,0.769877604,0.04
2802,VAMP3,0.771228801,0.84
2804,VAPA,0.810948044,0.77
2805,VARS,0.76279246,0.04
2806,VASP,0.68865208,0.03
2807,VAT1,0.94249411,0.37
2808,VCL,0.955186369,0.88
2809,VCP,0.543246435,0.17
2814,VIM,0.750869102,0.07
2816,VPS13A,1.011846651,0.72
2817,VPS13C,1.177811754,0.85
2819,VPS16,0.81256093,0.35
2820,VPS18,1.004502506,0.7
2821,VPS25,0.683440423,0.15
2829,VPS37B,0.867150116,0.02
2835,VPS51,0.711000621,0.04
2836,VPS52,0.957919311,0.07
2837,VPS53,0.54824336,0.02
2840,VWA5A,0.598821639,0.59
2844,WASF2,0.8414147,0.36
2846,"WASH1,WASH2P,WASH3P,WASH4P",1.015424918,0.25
2847,WASL,0.708884165,0.01
2859,WDR48,0.806300622,0.12
2860,WDR5,0.758415936,0.47
2867,WDR92,0.818050192,0.02
2869,WIBG,0.776081544,0.18
2871,WIPF3,0.600142779,0.16
2872,WNK1,0.772939522,0.06
2873,XIRP1,0.73964154,0.48
2876,XPO1,1.155394027,0.75
2880,XRCC5,0.804775489,0.03
2881,XRCC6,0.931406418,0.24
2882,XRN1,0.840404755,0.03
2884,YAF2,0.691932952,0.93
2888,YKT6,1.048314277,0.56
2894,YTHDF2,0.887760558,0.21
2895,YTHDF3,0.785394835,0.07
2896,YWHAB,0.869105351,0.48
2897,YWHAE,0.963968182,0.54
2898,YWHAG,0.849837382,0.01
2900,YWHAQ,0.863715906,0.28
2901,YWHAZ,1.123128115,0.24
2907,ZC3H4,0.62646952,0.02
2910,ZC3HAV1,0.759897098,0.19
2911,ZC3HAV1L,0.656056442,0.18
2918,ZFR,0.955021076,0.55
2919,ZFYVE1,1.138301892,0.65
2928,ZNF207,0.760588751,0.01
2932,ZNF598,0.932014782,0.21
2942,ZYX,0.746830892,0.01
2947,A0A494C067,0.835855624,0.09
2948,A0A5F9ZGX0,1.027080437,0.72
