Gene Name,MeanLN_INS,P-valueLN_INSvsCON
A2M,0.956549636,0.67
AAK1,0.770894185,0.01
AAMDC,,
"AARSD1,PTGES3L-AARSD1",,
AASDHPPT,0.945241781,0.17
"ABCB1,ABCB4",,
ABCE1,0.807071638,0.04
ABCF1,0.829434148,0.1
ABCF2,0.693954104,0.02
ABCF3,1.177847196,0.87
ABHD14B,0.938701046,0.57
ABI2,,
ABI3BP,1.376659099,
ABL1,,
ABL2,,
ABLIM1,0.739914674,0.05
ABLIM3,0.625750047,
ACAA2,0.001520402,
ACACA,,
ACADSB,,
ACADVL,0.964340235,0.8
ACAP2,,
ACAT1,0.656867601,0.25
ACAT2,0.714082478,
ACBD3,0.000631426,
ACIN1,0.644127174,
ACLY,0.80907487,0.05
ACO1,0.793283681,0.06
ACOT11,1.207920073,0.4
ACOT13,,
ACOT7,,
ACOT9,0.677632262,0.22
ACSL1,1.148800439,0.85
ACSL3,,
ACSL4,1.080971907,0.14
ACTA1,0.848001757,0.34
"ACTA2,ACTG2",0.700032424,0.14
ACTN1,1.395437291,0.25
ACTN2,0.167843329,
ACTR10,,
ACTR1A,0.862198829,0.28
ACTR1B,0.000866336,
ACTR3,0.770803278,0.01
ADAM10,0.839233979,0.11
ADAR,0.69980373,
ADARB1,,
ADCK3,,
ADD1,0.911115352,0.21
ADD3,1.417625959,
"ADH1A,ADH1B,HEL-S-117",0.50016865,
ADH5,1.093823688,0.92
"ADRBK1,ADRBK2",,
ADRM1,,
ADSL,,
ADSSL1,,
AFAP1,0.679934151,
AFAP1L1,,
AGAP3,0.826293659,
AGFG1,0.876021295,0.37
AGO2,1.20479245,0.98
AGPS,,
"AHCYL1,AHCYL2",,
AHNAK,0.801249907,0.08
AHNAK2,1.030980127,0.9
AHSA1,0.908981615,
AHSG,,
AIFM2,0.506232022,
AIM1,,
AIMP1,0.746627578,
AIMP2,0.000972449,
AIP,0.997324121,0.89
AJUBA,1.009006291,
AK1,0.707605204,0.11
AK2,,
AK3,0.907609032,
AKAP10,1.144744656,
AKAP12,0.831719662,0.27
AKAP13,0.841273802,0.03
AKAP2,0.910291243,0.31
AKAP9,,
AKTIP,0.885245114,
ALCAM,,
ALDH18A1,,
ALDH1A1,1.163968593,
ALDH1B1,0.824887033,
ALDH7A1,,
ALDOA,0.935943295,0.33
ALDOC,0.953958371,1
ALKBH5,0.84549588,
ALPK3,0.799405158,0.02
ALPL,0.001514785,
ALS2,,
ALYREF,0.740056606,0.01
ANAPC7,0.854569812,
ANK2,1.049654503,0.14
ANK3,,
ANKFY1,,
ANKHD1,1.012168722,0.84
ANKLE2,1.288668871,0.22
ANKRD1,0.92427147,
ANKRD17,0.807601293,0.06
ANKRD2,,
ANKRD31,,
ANKRD44,,
ANKS1A,0.943126047,0.49
ANKZF1,,
ANPEP,1.048086864,0.7
ANTXR2,,
ANXA1,1.642766183,0.76
ANXA11,,
"ANXA2,ANXA2P2",0.915460533,0.44
ANXA3,,
ANXA4,,
ANXA5,0.909387452,0.5
ANXA6,1.181568589,0.97
ANXA7,0.978404485,0.87
AP1B1,0.544140861,
AP1G1,0.631851061,
AP1S1,0.975256669,
AP2A1,0.778196102,0.05
AP2A2,0.825446415,0.03
AP2B1,0.74192956,
AP2M1,0.424098121,0.25
AP2S1,0.915570727,0.44
AP3B1,0.722587317,0.1
AP3B2,,
AP3D1,0.822008827,0.07
AP3M1,1.055115242,0.97
AP3M2,,
AP3S1,0.889097812,0.59
"AP3S2,C15ORF38-AP3S2",1.132644841,
AP4E1,0.002184935,
AP4M1,,
AP5Z1,0.654612382,
APBB1,,
APC,,
APEX1,0.752990306,0.03
API5,0.981796703,0.36
APOA1,,
APOA1BP,,
APOBEC2,1.096177478,0.79
APOBEC3C,0.698270819,0.13
APOL3,,
APPL1,0.68806066,
APRT,0.662486743,
ARAF,1.00904755,
ARCN1,0.987959473,0.81
"ARF1,ARF3",0.966881569,0.53
ARF4,0.978609769,0.44
ARF5,0.972569503,0.58
ARF6,1.066283233,0.44
ARFGAP2,0.894740756,0.25
ARFGAP3,1.060565373,0.9
ARFGEF1,,
ARFGEF2,0.001642042,
ARFIP1,0.880743843,
ARFIP2,1.230947979,
ARG1,0.002060063,
ARHGAP1,0.847172988,0.09
ARHGAP10,,
ARHGAP12,1.10636316,0.67
ARHGAP17,0.686519969,
ARHGAP18,,
ARHGAP21,,
ARHGAP23,1.070243261,
ARHGAP24,,
ARHGAP29,0.989547169,
ARHGAP31,0.000409242,
ARHGAP35,,
ARHGAP5,0.836857028,
ARHGDIA,0.940338546,0.49
ARHGDIB,,
ARHGEF1,1.208571813,
ARHGEF11,,
ARHGEF12,1.014361098,
ARHGEF17,0.93200128,0.3
ARHGEF18,0.445400685,
ARHGEF2,0.724863768,0.01
ARHGEF37,0.787936502,
ARHGEF40,,
ARHGEF6,0.820030403,0.04
ARHGEF7,0.853374427,0.04
ARID4B,,
ARIH1,,
ARL1,0.924286614,0.61
ARL5A,,
ARL6,,
ARL6IP5,,
ARL8A,1.033078426,0.31
ARL8B,1.053036869,0.97
ARMC1,,
ARMC6,0.843478335,
ARMC8,,
ARMCX3,0.922324287,
ARPC1A,0.732014347,0.01
ARPC1B,0.934367783,0.01
ARPC2,0.816852039,0.01
ARPC3,0.78359914,0.04
"ARPC4,ARPC4-TTLL3",0.769219438,0.03
ARPC5,0.660162794,0.06
ARPC5L,0.702798774,0.03
ASAH1,1.145703382,
ASAP1,0.754059873,0.02
ASAP2,0.878891487,0.47
ASAP3,0.99271477,
ASCC1,0.62576082,
ASCC2,1.017799552,0.29
ASCC3,0.739585039,0.32
ASL,,
ASMTL,,
ASNA1,1.119765989,0.64
ASNSD1,,
ASPH,,
ASS1,1.251997925,
ATAT1,0.984793699,
ATG16L1,0.000835716,
ATG2A,,
ATG2B,1.327559822,
ATG3,,
ATG5,,
ATM,,
ATP1A1,1.082239245,0.57
ATP1B3,1.206052834,
ATP2A2,,
ATP2B1,0.856514128,
ATP5A1,0.815065565,0.75
ATP5B,0.536986452,0.98
ATP5C1,,
ATP5O,,
ATP6V1A,,
ATP6V1B2,0.851647664,0.43
ATP6V1C1,,
ATP6V1D,0.521221033,
ATP6V1E1,0.84803399,
ATP6V1G1,0.001578829,
ATP6V1H,,
ATXN10,0.739144949,0.63
ATXN2,0.966657487,0.32
ATXN2L,0.857905781,0.06
AVEN,,
AVL9,,
AXL,,
AZGP1,0.013162111,
AZU1,,
B2M,,
BABAM1,,
BAG2,0.697690201,
BAG3,0.689347206,0.11
"BAG6,BAT3",0.945159808,0.31
BAIAP2,,
BANF1,,
"BAP18,C17ORF49,RNASEK-C17ORF49",0.725680699,
BASP1,1.415973234,0.63
BAX,1.038221041,0.82
BCAM,,
BCAP31,,
BCAR1,0.673240888,0.58
BCAS1,0.963255807,0.48
BCAS2,,
BCAS3,1.025748491,0.51
BCR,0.000579987,
BDH2,0.684487447,
BECN1,,
BICD2,,
BID,0.939610034,0.49
BIN3,0.855894878,0.21
BLMH,,
BLOC1S1,,
BLOC1S2,,
BLOC1S3,0.639938097,
BLOC1S4,,
BLOC1S5,,
BLVRB,,
BOD1L1,,
BPI,,
BPIFA1,0.897092532,
BPIFB1,0.195632766,
BPIFB2,,
BPIFB4,,
BPNT1,0.000617872,
BRAP,,
BRCA2,,
BRD4,,
BRIX1,0.42274402,
BRK1,0.000693764,
BSDC1,,
BSG,0.661321615,
BTF3L4,0.790057046,0.07
BUB3,0.816535967,0.15
BUD31,,
BYSL,,
BZW1,0.917930693,0.13
BZW2,0.918784632,0.18
C10ORF76,,
"C11ORF31,SELH",,
"C11ORF58,SMAP",,
C11ORF96,,
C11ORF98,,
C12ORF57,0.000600774,
C14ORF166,0.800296815,0.09
C15ORF52,0.830169937,
C16ORF62,,
C16ORF70,,
C17ORF59,,
C19ORF43,,
C1ORF174,,
C1ORF198,0.835320455,0.05
C1QB,,
C1QBP,,
C21ORF2,1.517487098,
C2CD3,,
C3,,
"C4A,C4B",1.108981081,0.45
C7ORF50,0.754467442,
C8ORF33,0.870928716,0.27
C9ORF114,,
C9ORF142,,
CAAP1,,
CAB39,0.000641697,
CACNB1,0.735720852,
CACYBP,1.020692383,0.31
CAD,0.885615775,0.37
CALCOCO1,,
"CALM1,CALM2,CALM3",1.213024449,0.23
CALML3,,
CALML5,,
CALR,,
CALU,,
CAMK2A,,
CAMK2B,0.907426824,
CAMK2D,0.820434844,0.05
CAMK2G,0.767630749,
CAMP,,
CAMSAP1,0.737507279,0.15
CAMSAP2,1.300411221,
CAND1,0.799988593,0.15
CAND2,1.033445726,0.38
CANX,0.996879862,0.08
CAP1,1.289686914,0.75
CAP2,0.728159643,
CAPG,0.000417858,
CAPN1,0.913382568,0.53
CAPN2,1.039296053,0.45
CAPNS1,0.885665527,0.26
CAPRIN1,0.757274832,0.01
CAPZA1,0.878362249,0.09
CAPZA2,0.892924278,0.14
CAPZB,0.943254328,0.33
CARKD,,
CARNS1,,
CARS,0.709972934,
CASC3,,
CASKIN2,1.052264942,0.76
CASP14,,
CASP3,,
CASP7,,
CASQ2,0.982642649,0.33
CASS4,1.481850974,
CAT,,
CAV1,0.784493176,0.02
CAV2,,
CBL,,
CBLB,,
"CBR1,CBR3",0.002411236,
"CBWD1,CBWD2,CBWD3,CBWD5,CBWD6,CBWD7",,
"CBX1,CBX3",,
CC2D1A,0.643657831,0.02
CC2D1B,0.963349024,
CCAR1,,
CCAR2,0.763965855,0.29
CCBL2,,
CCDC124,0.672832391,
CCDC132,0.677768031,0.01
CCDC137,,
CCDC141,1.343104411,0.63
CCDC171,,
CCDC186,1.027652444,0.23
CCDC22,0.629070268,
CCDC50,,
CCDC53,1.056776859,
"CCDC55,NSRP1",0.620482874,0.25
CCDC6,0.825716562,0.01
CCDC8,0.719001837,0.07
CCDC86,0.945227747,
CCDC88A,0.765261721,0.67
CCDC9,0.621287181,0.19
CCDC93,,
CCT2,0.941907617,0.48
CCT3,0.968523912,0.4
CCT4,0.892531335,0.33
CCT5,0.983025104,0.92
CCT6A,0.911370948,0.33
CCT7,0.975888257,0.97
CCT8,0.885284011,0.12
CD109,,
CD151,,
CD276,0.651255465,
CD2AP,0.649854675,
CD3EAP,0.655621986,
CD44,0.78476255,
CD59,0.826573472,0.5
CD63,0.90236963,0.35
CD81,0.99455824,0.74
CD82,1.062432311,0.8
CD9,,
CD97,,
"CDC2,CDK1,CDK2,CDK3",,
CDC23,,
CDC27,,
CDC37,,
CDC42,0.897409339,0.44
CDC42BPB,0.798994898,0.06
CDC42EP1,0.91532872,0.45
CDC42EP2,1.551478739,
CDC42EP3,0.937915819,
CDC42EP4,0.591186843,0.31
CDC5L,0.557756173,0.1
CDC73,1.237616266,0.35
CDH13,0.720078715,
CDH15,,
CDK12,,
CDK17,,
CDK18,0.951910315,0.19
CDK5,0.652353281,
CDK9,0.80500591,
CDKN1A,0.71218114,0.05
CDKN1C,,
CDKN2AIP,0.729353659,0.03
CDV3,0.739137313,0.06
CEBPZ,,
CELF2,,
CEMIP,,
CENPF,,
CENPV,,
CEP112,0.785623101,
CEP170B,,
CEP290,,
CEP350,0.70200987,0.14
CEP41,,
CEP97,1.415406367,
CFAP20,0.901979935,
CFH,,
CFL1,1.089661009,0.87
CFL2,0.768856057,
CGGBP1,,
"CHCHD2,CHCHD2P9",,
CHD3,0.791633655,
"CHD4,CHD5",1.041536604,
CHD8,,
CHI3L1,,
CHID1,0.760668731,
CHIT1,,
CHMP2A,,
CHMP5,0.0007484,
CHMP6,,
CHMP7,,
CHORDC1,0.911791375,0.31
CHTOP,,
"CHURC1,CHURC1-FNTB",0.866352973,
CINP,0.810000218,0.41
CIRBP,0.773428852,0.01
CKAP4,,
CKAP5,0.743996254,0.02
CKM,1.236286356,0.58
CKMT2,0.421935502,0.3
CLASP2,0.940817251,0.2
CLC,,
CLEC16A,,
CLIC1,0.77798635,0.21
CLIC4,0.853761787,0.7
CLIP1,0.893136596,0.26
CLIP2,0.845358692,0.25
CLIP4,,
CLPB,,
CLPP,,
CLPX,,
CLTA,0.000555755,
CLTC,0.844621769,0.65
CLU,,
CLUH,0.915823137,
CMAS,0.641795644,0.02
CMIP,,
CMTR1,,
CMYA5,,
CNN1,,
CNN2,1.200716211,0.79
CNN3,0.830840897,0.08
CNOT1,1.049170117,0.71
CNOT10,0.861198561,0.29
CNOT11,1.264935812,
CNOT2,1.436202966,0.21
CNOT3,0.883627273,0.3
CNOT4,,
CNOT6L,,
CNOT7,0.804280725,0.47
CNOT8,1.347749971,
CNP,0.771313281,0.05
CNTLN,,
COBL,0.437562124,
COG5,,
COL14A1,,
COL18A1,,
COL1A2,0.563384717,
COL3A1,0.952510108,
COL4A1,,
COL5A1,,
COL6A1,1.470326268,
COL6A2,0.796466362,
COL6A3,0.599798107,
COL6A6,,
COL8A1,0.002538866,
COLGALT1,1.339712418,0.57
COMMD1,0.734827589,
COMMD2,,
"COMMD3,COMMD3-BMI1",0.649379687,
COMMD4,0.917956529,0.22
COMMD6,,
COMMD8,,
COMMD9,0.841172717,0.02
COMT,,
COPA,0.663118693,0.03
COPB1,1.072512186,0.82
COPB2,0.815947605,0.09
COPE,0.86296711,0.25
COPG1,0.931585371,0.36
COPG2,0.620584622,
COPS2,0.000496228,
COPS3,0.963783671,0.52
COPS4,0.674157736,
COPS5,,
COPS6,0.842660629,0.99
COPS7A,1.175587009,
COPS8,0.815198665,0.78
COPZ1,1.102275822,0.94
COPZ2,1.417503777,
CORO1A,,
CORO1B,,
CORO1C,0.720421862,0.46
CORO6,1.015084985,0.45
"CORO7,CORO7-PAM16",0.778228925,0.97
COTL1,,
CPEB3,,
CPSF6,0.879519467,0.09
CPSF7,0.686380994,0.01
CPT2,,
CRBN,1.323753028,0.43
CRIP2,0.780718915,0.04
CRISP3,,
CRMP1,0.523163315,
CRNN,,
CRTC3,,
CRYAB,1.015757102,0.36
CRYBG3,0.001523058,
CRYZ,0.930928303,0.91
CRYZL1,,
CS,0.969340986,0.37
CSDC2,1.302234927,0.77
CSDE1,0.754514406,
CSE1L,0.727072105,0.14
CSNK1E,0.001457121,
"CSNK2A1,CSNK2A3",,
CSNK2A2,,
"CSNK2B,CSNK2B-LY6G5B--991,CSNK2B-LY6G5B-1181",,
CSRP1,0.877618294,0.01
CSRP2,0.717724363,0.01
CSRP3,0.808682698,0.01
CSTA,,
CSTB,0.787548131,0.86
CSTF3,,
CTBP1,,
CTF1,0.001105933,
CTGF,,
CTHRC1,,
CTIF,0.73211581,0.32
CTNNA1,0.858084497,0.16
CTNNBL1,,
CTNND1,0.893785008,0.03
CTPS1,,
CTR9,0.87532299,0.69
CTSA,,
CTSB,1.00010191,
CTSD,0.864634925,0.76
CTSG,,
CTSL,,
CTTN,0.671692786,0.01
CTTNBP2,0.725764487,
CTTNBP2NL,0.805244286,0.01
CUL1,0.804604921,
CUL2,,
CUL3,0.834264251,0.14
CUL5,,
CUL7,0.001260885,
CUTA,,
CWF19L1,,
CXXC5,,
CYB5B,,
CYB5R1,0.963993337,
CYB5R3,0.590798993,
CYFIP2,,
CYLD,,
DAB2,,
DAB2IP,,
DAG1,0.00161652,
"DAK,TKFC",0.691299153,
DAPK3,0.649296483,0.06
DARS,0.854853601,
DAZAP1,0.00089163,
DBR1,0.651672702,0.18
DBT,,
DCAF7,1.126137881,
DCD,,
DCLK1,0.906133295,0.09
DCLK2,0.897721955,0.38
DCP1A,,
DCP1B,,
DCPS,,
"DCTN1,DKFZP686E0752",0.96866546,0.64
DCTN2,1.195986669,0.85
DCTN3,,
DCTN4,1.132600245,0.45
DCTN6,,
DCX,,
DCXR,,
DDAH2,,
DDB1,0.841626268,0.02
DDI2,,
DDX1,0.77458245,0.07
DDX17,0.823666996,0.02
DDX18,2.487966406,
DDX19A,1.240790082,0.69
DDX20,1.198487711,
DDX21,0.664781543,0.05
DDX24,0.643815563,0.12
DDX27,0.688452295,
"DDX39A,DDX39B",0.800862771,
DDX3X,0.812535429,0.03
DDX3Y,1.164319508,0.89
DDX42,,
DDX46,,
DDX47,0.676701781,0.06
DDX5,0.899182764,0.11
DDX54,,
DDX56,,
DDX6,0.747462257,0.01
DECR1,0.935058815,0.28
"DEFA1,DEFA3",,
DEK,0.743759719,
DENND1A,,
DENND4C,2.125555845,
DENR,0.977004318,
DEPDC7,,
DEPTOR,,
DERA,1.424821857,
DES,0.780362199,0.07
DGKZ,1.252631945,
DHX15,0.806119603,0.04
DHX16,0.881663786,0.05
DHX29,0.77379501,0.03
DHX30,0.952643772,
DHX35,,
DHX36,0.628950995,
DHX38,1.081130872,0.3
DHX57,0.588157211,0.02
DHX9,0.827026467,
DIABLO,0.001064399,
DIAPH1,1.152271914,
DIAPH2,0.443859389,
DIMT1,0.783515257,
DIP2B,0.826911705,0.03
DIP2C,,
DIS3,0.680668824,0.18
DIS3L2,0.774926197,
DKC1,0.706957953,0.01
"DKFZP434B2017,SAR1B",0.937993301,0.65
"DKFZP564M2223,SRP9",0.691579735,0.04
"DKFZP566H1924,NPTN",,
"DKFZP586F0420,MAP3K7",,
"DKFZP779D0968,HSPB7",1.224603264,0.2
DLD,,
DLG1,,
DLGAP4,0.869702278,
DMBT1,,
DMD,1.575048678,
DMWD,,
DMXL1,,
DNAAF5,,
DNAH1,,
DNAH11,,
DNAH8,,
DNAJA1,0.920186484,0.95
DNAJA2,0.930814978,0.27
DNAJB1,0.694293215,0.03
DNAJB11,,
DNAJB4,0.792425504,0.02
DNAJB5,0.778641052,
DNAJC10,,
DNAJC13,0.000545965,
DNAJC2,0.620856836,
DNAJC21,,
DNAJC28,,
DNAJC3,0.954481905,
DNAJC5,1.016786806,
DNAJC7,0.721848189,
DNAJC8,0.87914124,0.11
DNAJC9,0.853976214,0.06
DNM2,0.829552996,0.06
DNMBP,2.41708016,
DNMT1,,
DOCK1,1.518237271,0.7
DOCK10,0.857721201,
DOCK11,1.603933658,0.79
DOCK5,,
DOCK6,0.806114579,0.23
DOCK7,0.805168636,0.06
DPP4,0.001723005,
DPYSL2,1.275930375,0.89
DPYSL4,2.104434769,
DRAP1,,
DRG1,0.750421797,0.02
DSC1,0.01451783,
DSCR3,1.11235951,
DSG1,0.00397758,
DSG4,,
DSP,16.15548222,
DST,0.95946392,0.62
DSTN,1.165560692,0.82
DTWD1,,
DTWD2,,
DTX3L,,
DUS3L,,
DUSP14,,
DUSP27,1.166216682,0.5
DUSP3,,
"DVL1,DVL1P1",,
"DVL2,DVL3",,
DYNC1H1,0.807292072,0.02
DYNC1I1,,
DYNC1I2,0.755887032,0.01
DYNC1LI1,0.753071804,0.01
DYNC1LI2,0.48456011,0.01
DYNLL1,0.926203769,0.88
DYNLL2,0.632291236,
DYNLRB1,0.945524422,0.18
DYNLT1,0.754325026,0.07
DYNLT3,0.881172285,0.52
DYRK1A,,
DYSF,1.249566725,
EBNA1BP2,,
ECH1,,
ECHDC1,1.136243369,0.25
ECHS1,0.702026244,
"ECM29,KIAA0368",,
EDC3,0.630775229,
EDC4,0.851230286,0.31
EDF1,0.750990936,0.01
EEA1,0.617248974,0.18
"EEF1A1,EEF1A1P5",0.830314279,0.06
EEF1A2,0.85131663,0.1
EEF1B2,0.735438896,0.03
EEF1D,0.752969282,0.01
EEF1G,0.702041145,0.01
EEF2,0.836721391,0.09
EEFSEC,0.946886669,
EFHD2,0.724613428,0.05
EFTUD1,,
EFTUD2,0.0007425,
EGLN1,0.846357786,
EHBP1,,
EHBP1L1,1.018057792,0.89
EHD1,1.021711285,0.51
EHD2,0.969929151,0.44
EHD3,,
EHD4,1.038889364,0.58
EIF1,0.750701256,
EIF1AY,0.781234608,0.08
EIF2A,0.70109974,
EIF2AK2,0.858197152,0.11
EIF2AK4,0.869095467,
EIF2B1,0.853689275,
EIF2B2,,
EIF2B5,,
EIF2D,0.726191476,
EIF2S1,0.731609355,0.01
EIF2S2,0.719054238,
"EIF2S3,EIF2S3L",0.724031141,0.04
EIF3A,0.837095835,0.01
EIF3B,0.747625839,0.01
"EIF3C,EIF3CL",0.877640947,0.02
EIF3D,0.973164771,0.47
EIF3E,0.886921017,0.07
EIF3F,1.030371404,0.93
EIF3G,0.767707573,0.01
EIF3H,0.919920544,0.3
EIF3I,0.838492225,0.01
EIF3J,0.722633591,0.24
EIF3K,0.840570216,
EIF3L,0.854441521,0.17
EIF3M,0.744391528,0.02
EIF4A1,0.816807959,0.17
EIF4A2,0.775160401,0.19
EIF4A3,0.698321376,0.47
EIF4E,0.899850014,0.36
EIF4E2,0.774091422,0.16
EIF4ENIF1,,
EIF4G1,0.840271728,0.03
EIF4G2,0.732295384,0.01
EIF4G3,1.01874439,0.3
EIF4H,0.757921446,0.03
EIF5A,0.856714125,0.1
EIF5B,0.718198202,0.01
EIF6,0.986347392,0.8
ELANE,,
ELAVL1,1.012084209,0.85
"ELAVL2,ELAVL4",,
ELMO2,0.890415709,0.29
ELP3,,
EMD,,
EMG1,0.805742688,
EMILIN1,0.541786318,
EML1,0.684384871,
EML3,0.001375386,
EML4,0.809914015,0.12
ENAH,0.69548022,0.03
ENDOG,0.832537087,0.86
ENO3,0.739277688,0.4
ENTHD2,,
EPB41L2,,
EPDR1,,
EPG5,0.963756798,
"EPHB1,EPHB3",,
EPN1,0.764701967,
EPPK1,,
EPRS,0.897252543,0.21
EPS15,,
EPS15L1,1.890497514,
EPS8,0.820311944,0.02
EPX,,
ERC1,0.909376643,0.85
ERC2,,
ERCC2,,
ERGIC1,0.708794244,
ERH,0.567067852,0.21
ERI3,,
ESPNL,,
ESYT1,0.660167911,
ETF1,0.669180966,0.07
ETFA,0.703351611,
ETFB,1.669551774,
EVA1B,0.001435353,
EVL,,
EWSR1,0.71561036,0.01
EXOC1,1.373697796,0.49
EXOC2,0.733148209,0.3
EXOC3,0.695386018,
EXOC4,0.969419809,0.08
EXOC6,,
EXOC6B,0.924109581,
EXOC7,0.914743378,
EXOC8,,
EXOSC1,0.793221548,
EXOSC10,,
EXOSC2,1.246980976,
EXOSC3,0.828409246,
EXOSC4,0.001219551,
EXOSC5,,
EXOSC6,0.918633509,
EXOSC7,,
EXOSC9,,
EYA3,,
EZR,0.899629008,0.53
F13A1,0.803620695,0.01
F8A1,,
FABP3,,
FABP5,,
FAHD1,1.147266964,0.31
"FAHD2A,FAHD2B",0.77689939,0.3
FAM114A1,1.021397387,0.99
FAM114A2,1.15912091,0.26
FAM118B,,
FAM120A,0.800568806,0.01
FAM120B,0.648545191,0.02
FAM120C,,
FAM122A,0.788883017,
FAM126A,,
FAM129B,0.810091347,0.87
FAM160B2,1.078659063,
FAM177A1,,
FAM184B,,
FAM214B,0.911165277,0.91
FAM21A,0.849626772,0.01
FAM21C,,
"FAM45A,FAM45B",,
FAM49A,0.953633312,
FAM49B,0.889354275,0.27
FAM50A,0.773655287,0.04
FAM65A,1.25289282,
FAM65B,0.001219898,
FAM91A1,,
FAM96B,0.651005641,0.67
FAM98A,0.745052766,0.01
FAM98B,0.756755152,0.02
FAP,,
FARP1,,
FARSA,0.907535698,0.36
FARSB,0.813428135,0.16
FASN,0.870751855,0.76
FASTKD5,,
FAT3,,
FAU,0.598305756,
FBL,0.918165805,0.25
FBLIM1,0.000897819,
FBLN2,,
FBXL18,,
FBXO22,0.866891749,
FCGBP,,
FCN1,,
FEN1,0.00138229,
FER,1.210832396,
FERMT2,1.162848547,0.48
FERMT3,0.933386026,0.48
FGA,,
FGFR1OP,0.00051206,
FGFR1OP2,,
FGG,,
FHL1,0.862742046,0.01
FHL2,1.007048039,0.49
FHL3,0.992500381,0.52
FIG4,1.338901889,
FILIP1,0.944528758,0.21
FILIP1L,,
FIS1,0.865088911,0.01
FKBP10,,
FKBP15,0.851404644,0.07
FKBP1A,,
FKBP3,0.763528163,0.01
FKBP4,0.353544275,
FKBP5,,
FLII,0.785624898,0.09
FLNB,,
FLNC,0.899024253,0.07
FMN1,,
FMNL1,0.743422762,0.08
FMNL3,,
FMR1,0.665761281,0.1
FN1,0.85679247,0.03
FN3K,,
FN3KRP,,
FNBP1L,,
FOCAD,0.093392013,0.17
FOXK1,0.668400169,0.01
FOXO1,0.892207593,
FOXO3,,
FRG1,0.808602144,
FRMD6,0.605930701,
FRY,,
FSD1L,,
FTH1,,
FTSJ3,,
FUBP1,0.70898581,0.12
FUS,0.656087669,
"FUSIP1,SRSF10,SRSF12",,
FXR1,0.758999326,0.01
FXR2,0.932937596,0.08
FYCO1,,
G3BP1,0.809120657,0.01
G3BP2,0.8607986,0.09
G6PD,0.946613653,
GAB2,,
GAK,0.95861335,0.6
GALK1,0.775806308,0.09
GAMT,,
GANAB,0.806120482,
GAPDH,0.869029349,0.2
GAPVD1,0.865023105,
GAR1,,
GART,0.400157423,
GBF1,0.703329832,0.28
GBP1,,
GCA,,
GCAT,1.176611116,
GCC1,,
GCDH,,
GCLM,,
GCN1L1,0.80363012,0.02
"GCOM1,POLR2M",,
GDI2,,
GEMIN4,,
GEMIN5,1.229711446,
GET4,0.972555106,0.41
GFPT1,0.899653446,0.6
GFPT2,,
GGA1,1.64248991,
GGA2,0.925885152,0.68
GGA3,0.835732544,
GGPS1,,
GIGYF2,0.755366515,0.03
GIPC1,,
GIT1,1.203870412,0.37
GIT2,0.799294576,0.14
GLIPR2,0.891520399,0.48
GLRX,3.114924122,
GLRX3,0.000562625,
GLS,,
GLTP,,
GLTSCR2,,
"GLUD1,GLUD2",0.678824199,
GLYR1,,
GMFB,,
GMIP,,
GMPPA,0.823813852,0.48
GMPR,,
GMPS,,
GNAI2,1.711638068,
GNAI3,,
GNB1,0.900777114,0.05
GNB2,0.000694962,
GNB2L1,0.998797754,0.68
GNG12,,
GNL1,,
GNL2,,
GNL3,1.112352276,0.33
GNL3L,,
GOLGA1,0.877267068,
GOLGA3,1.028112866,
GOLGB1,,
GORASP2,,
GOT2,,
GPC1,0.582593936,
GPD1L,,
GPKOW,,
GPN1,,
GPNMB,0.543877946,
GPS1,,
GPX1,,
GPX4,0.713326742,
GRASP,,
GRB10,,
GRB2,0.001106572,
GREM1,0.553229283,0.12
GRHPR,1.310815429,
GRIPAP1,,
GRN,,
GRSF1,1.022288819,
GRWD1,0.902182128,0.53
GSDMA,,
GSK3A,0.726962076,0.11
GSK3B,0.761889117,0.04
GSS,,
GSTK1,0.981039245,0.76
GSTP1,,
GTF2B,0.000637864,
GTF2E1,,
GTF2E2,,
GTF2F1,0.621709284,0.01
GTF2F2,0.881681081,0.07
GTF2I,0.790365345,0.12
GTF3C1,,
GTF3C3,,
GTPBP1,0.766591134,0.02
GTPBP4,1.010472233,0.34
GYS1,,
H1F0,0.643556745,0.09
H1FX,0.851523272,0.04
"H2AFV,H2AFZ",0.811936684,0.19
"H2BFS,HIST1H2BC,HIST1H2BD,HIST1H2BH,HIST1H2BK,HIST1H2BL,HIST1H2BM,HIST1H2BN,HIST2H2BF",,
HABP4,0.849078606,
HADH,,
HADHA,1.184594951,
HADHB,0.753034461,
HAGH,0.927909751,
HARS,,
HBS1L,1.136751685,0.74
HCFC1,,
"HDAC1,HDAC2",,
HDAC4,0.576934143,
HDAC5,,
HDAC6,,
HDAC7,,
HDGF,,
HDGFRP2,0.666814944,
HDGFRP3,,
HDHD2,0.000823531,
HDLBP,0.86177728,0.07
HEATR5A,0.44180645,
HEATR5B,,
HEATR6,,
HECTD1,1.100371072,
HECTD4,0.68987313,
HERC2,,
HERC4,,
HEXIM1,,
HGS,,
HIP1R,0.904089941,
HIRIP3,,
HIST1H1B,0.782921628,0.06
HIST1H1C,0.760232627,0.05
"HIST1H2BA,HIST1H2BB,HIST1H2BJ,HIST1H2BO,HIST2H2BE,HIST3H2BB",1.022882334,0.99
HIST1H4A,1.791953477,0.62
HK1,,
HLA-A,1.097625201,
HMGA1,1.594937478,
HMGA2,0.826628393,
HMGB2,,
HMGCL,,
HMGN1,,
HMOX1,,
HNRNPA0,0.87642523,0.01
"HNRNPA2B1,HNRPA2B1",0.886604713,0.01
HNRNPA3,0.852401518,0.01
HNRNPAB,0.843817531,0.07
HNRNPC,0.645134783,0.06
HNRNPD,0.952602491,0.35
HNRNPDL,0.962474534,0.46
HNRNPF,0.886620821,0.47
HNRNPH1,0.652616238,0.01
HNRNPH2,,
HNRNPH3,0.845194363,0.12
HNRNPK,0.743598131,0.01
HNRNPL,0.802060361,0.08
HNRNPLL,0.863193877,0.33
HNRNPM,0.830983684,0.16
HNRNPR,1.065796428,0.9
HNRNPU,0.807337623,0.01
HNRNPUL1,0.749954465,0.08
"HNRNPUL2,HNRNPUL2-BSCL2",0.864261543,
"HNTN1,TNNT2",0.802270235,0.52
HOMER1,,
HOMER3,0.85993844,0.83
HOOK3,1.033566809,0.17
"HP,HPR",0.150687658,
HP1BP3,0.766135128,0.02
"HPCA,HPCAL1",,
HPRT1,,
HPS5,,
HPS6,,
HPX,,
HRC,1.332111826,0.92
HSD17B10,0.871766428,0.35
HSD17B12,,
HSD17B4,0.741045375,0.16
HSD17B8,,
HSDL2,0.908395905,0.55
HSP90AA1,0.889526802,0.23
HSP90AB1,0.874379949,0.29
HSP90AB2P,1.122910875,0.34
HSP90B1,0.930744563,0.78
HSPA12A,0.918969536,0.15
HSPA14,0.665355091,
"HSPA1A,HSPA1B",1.021288002,0.99
HSPA4,0.714218838,0.3
HSPA5,0.910371739,0.24
HSPA8,0.861815572,0.13
HSPA9,0.292794762,
HSPB1,0.815751362,0.02
HSPB2,0.000502774,
HSPB3,,
HSPB6,0.000648784,
HSPB8,,
HSPBP1,,
HSPD1,0.975096121,0.88
"HSPE1-MOB4,MOB4",0.858198201,0.02
HSPG2,1.452658553,
HSPH1,0.530576325,
HTATIP2,,
HTATSF1,1.495741988,
HTRA1,0.998450731,0.45
HTT,,
HUWE1,0.788365255,
HYOU1,0.619675455,
IARS,0.726440059,0.27
IARS2,,
IBTK,0.858689171,
IDH1,1.048752066,0.54
IDH2,0.95107498,0.2
IDH3A,1.029610851,
IDH3B,0.918188107,0.4
IDH3G,1.436403317,
IDI1,0.609673944,
IDUA,0.75307013,
IFI16,0.690462242,0.03
IFIT5,,
"IFITM1,IFITM2,IFITM3",,
IFRD2,,
IFT74,,
IGBP1,0.949175772,0.56
IGF2BP1,0.536527958,
IGF2BP2,0.852532131,0.1
IGF2BP3,0.792308472,0.03
IGF2R,,
IGFBP7,,
IK,,
IKBKAP,0.896130559,0.18
IKBKG,,
IL32,,
ILF2,0.974644703,0.6
ILK,0.664181431,
"ILKAP,ILKAP3",,
IMPA1,,
IMPDH2,0.840298585,0.88
INPP4A,,
INPP4B,0.001015711,
INPP5F,,
INPPL1,0.774624401,0.04
INTS1,,
INTS3,,
INTS4,,
INTS6,,
INTS7,,
IPO4,0.718347608,0.29
IPO5,0.79378739,0.64
IPO7,0.755477564,0.2
IPO8,,
IPO9,0.759763779,
IQGAP1,0.814115938,0.84
IQGAP2,,
IQGAP3,,
IRAK1,,
IRF2BP1,1.07276916,0.74
IRF2BP2,0.763598633,0.09
IRF2BPL,1.025638496,0.72
IRGQ,,
IRS1,,
IRS2,,
ISG15,0.001630849,
ISOC2,,
ITCH,0.001332476,
ITGA3,0.79651553,0.83
ITGA4,,
ITGA5,0.002434692,
ITGA6,0.968992991,0.13
ITGA7,0.965678537,0.36
ITGAV,1.152559589,0.28
ITGB1,0.901686297,0.16
ITGB1BP2,0.001448034,
ITGB5,0.667798025,0.25
ITM2B,,
ITPA,,
ITSN2,,
IWS1,,
JAM3,,
JMY,,
JPH2,,
JSRP1,0.568053829,0.21
JUP,5.930180591,
KANK1,1.6298974,0.98
KANK2,1.130498983,0.77
KATNB1,2.746457164,
KCTD12,0.779356295,0.02
KDELR1,,
KDM3B,0.569740084,
KHDRBS1,0.991775384,0.49
KHSRP,0.806023994,0.14
KIAA0020,0.976978941,0.25
KIAA0196,1.054762083,0.76
KIAA0907,0.000641703,
KIAA1033,0.710711371,0.4
KIAA1217,1.417770107,
KIAA1468,,
KIAA1522,,
KIAA1671,0.000515313,
KIF13A,,
KIF13B,1.07297031,0.91
KIF1A,,
"KIF1B,KIF1BBETA",0.695111114,0.02
KIF1C,0.001309572,
"KIF21A,KIF21B",,
KIF3B,,
KIF3C,,
KIF5B,0.797950085,0.04
KIF7,,
"KIN27,PRKACA,PRKACB",0.888550665,
KLC1,0.759840692,0.01
KLC2,0.786899405,0.02
KLC4,0.894693032,
KLF5,,
KLHDC10,,
KLHDC4,0.839514788,
KLHL30,,
KLHL31,1.141742065,0.97
KLHL40,1.02916164,0.46
KLHL41,0.910415392,0.09
KNG1,,
KPNA1,0.001925258,
KPNA2,0.754505811,0.07
KPNA3,0.002315791,
KPNA4,0.621265523,
"KPNA5,KPNA6",,
KPNB1,1.006940549,0.51
KSR1,,
KTI12,,
KTN1,,
LAGE3,,
LAMA2,2.477403534,
LAMA4,,
LAMA5,,
LAMB1,0.000699437,
LAMB2,,
LAMC1,1.37963995,0.7
LAMP1,0.551550906,
LAMP2,0.698918619,
LAMTOR1,,
LANCL1,0.993620056,
LANCL2,,
LAPTM4A,0.949010462,0.77
LARP1,0.802499306,0.11
LARP4,0.542232828,
LARP4B,0.600701137,
LARP6,,
LARP7,0.807140039,
LARS,0.54424945,0.17
LASP1,0.902046464,0.43
LCN2,,
LCP1,,
LDHA,1.087035503,0.71
LDHB,0.878977821,0.57
LDLRAP1,1.000698426,
LEO1,0.720979327,0.15
LGALS1,0.8426252,0.07
LGALS3,0.885313455,
LGALS3BP,2.07497067,0.4
LGALS7,,
LGI2,,
LIG3,,
LIMCH1,0.748617088,0.44
LIMD1,0.891881222,0.1
LLGL1,,
LLPH,0.560513397,
LMAN1,,
LMAN2,,
LMCD1,0.871744891,0.34
LMNA,0.775884934,0.5
LMO7,0.907098042,0.1
LMOD3,0.762839446,0.04
"LOC102724428,SIK1",,
LOH12CR1,,
LONP1,,
LOXL2,,
LPIN1,1.025467701,0.61
LPP,0.755830939,0.01
LPXN,0.700587015,
LRBA,,
LRCH1,0.000994206,
LRCH3,,
LRP1,0.717405576,
LRPAP1,,
LRPPRC,0.549381315,
LRRC15,,
LRRC16A,1.298973439,
LRRC17,0.858896092,0.24
LRRC40,1.364302386,0.1
LRRC47,0.850528157,0.12
LRRC57,1.146781465,
LRRC59,,
LRRFIP1,0.815331362,0.06
LRRFIP2,,
LRSAM1,0.000607261,
LSM1,0.757568178,
LSM14A,0.669260183,0.01
LSM2,,
LSM3,,
LSM4,,
LSP1,,
LTA4H,,
LTBP3,,
LTF,,
LTN1,0.890546387,0.25
LTV1,0.957798462,0.02
LUC7L,,
LUC7L2,0.577022563,0.01
LUC7L3,,
LUZP1,0.87378423,0.13
LYAR,0.683765793,0.03
LYPLA2,,
LYZ,0.328055254,
M6PR,0.470140118,
MACROD1,1.297183191,0.85
MAD1L1,0.72024457,0.14
MADD,,
MAGED1,0.843375818,0.3
MAGED2,0.795749986,0.04
MANF,1.21816811,0.68
MAP1A,0.783193776,
MAP1B,0.72327338,0.03
MAP1S,0.864503513,0.06
MAP2K1,0.869627115,
MAP2K2,1.024564988,0.77
MAP2K3,,
MAP4K3,,
MAP4K4,1.006301896,0.49
MAP4K5,0.520207424,
MAP7D3,1.13629691,0.66
MAPK1,0.932082579,0.28
MAPK3,,
MAPK8IP3,,
MAPKAP1,0.958490795,
MAPRE1,0.762454678,0.79
MAPRE3,0.796443317,0.2
MARCKS,0.734275754,0.02
MARCKSL1,0.877901437,0.11
MARK2,0.57661669,0.07
MARK3,1.187376557,0.84
MARS,0.952599665,0.93
MAST2,,
MAST3,,
MAST4,,
MAT2A,0.677259803,
MAT2B,,
MATR3,0.784163811,0.14
MCCC1,,
MCM3,,
MCM5,,
MCTS1,0.495285738,
MDC1,,
MDH1,0.941752956,
MDH2,0.673791762,0.44
MECP2,0.498767894,
MED15,0.943778121,0.84
MEF2C,,
MEPCE,,
METAP1,0.78270045,
METAP2,0.686721483,0.01
METTL13,0.206820031,
METTL25,,
METTL3,,
MFGE8,1.001398166,0.27
MGLL,1.725876462,0.18
MGMT,,
MGST1,,
MIB1,,
MICAL1,0.947900335,0.84
MICALL1,0.662828188,
MICU1,,
MICU2,,
MIF,,
MINK1,,
MIOS,0.758851621,
"MKL1,MKL1",,
MKL2,,
MLH1,0.000814848,
MLLT11,0.966311456,0.28
MLLT4,0.006723632,
MLST8,0.886244203,0.05
MLX,0.000541624,
MLXIP,,
MME,,
MMP14,,
MMP8,,
MMP9,,
MMS19,0.000954116,
MNDA,,
"MOB1A,MOB1B",0.815133812,0.38
MOB3A,1.060894187,
MOCS3,,
MORF4L1,0.000450731,
MORF4L2,,
MPDZ,0.879772749,
MPG,0.835351449,
MPI,,
MPO,,
MPP5,,
MPP6,,
MRAS,,
MRC2,0.342858781,
MRE11A,,
MRPL11,,
MRPL14,0.000671126,
MRPL44,,
MRTO4,0.722672388,0.05
MSH2,,
MSH6,0.741123542,0.03
MSN,0.816848269,0.06
MSTO1,,
MTCL1,,
MTHFD1,0.849359011,0.25
MTHFD1L,,
MTMR12,,
MTOR,0.838377895,0.14
MTSS1L,0.801629824,0.04
MTX3,1.16430956,0.98
MUC19,,
MUC5AC,,
MUC5B,,
MURC,0.784326283,0.12
"MUSTN1,TMEM110-MUSTN1",0.857665763,
MVB12A,0.808453409,0.01
MVK,0.814837424,
MVP,0.8485895,0.17
MYADM,0.000988335,
MYBBP1A,0.705599799,0.02
MYBPC1,,
MYBPC2,0.867514437,
MYBPH,0.797916036,0.44
MYCBP,0.659836371,
MYCBP2,,
MYD88,0.619921846,
MYH10,0.402108155,0.05
MYH11,,
MYH14,,
MYH15,,
MYH2,1.436018921,
MYH3,0.870392257,0.14
MYH7,0.83354296,0.37
MYH8,0.645070428,0.04
MYL12A,0.609063925,0.06
MYL2,,
MYL3,,
MYL4,0.578628612,0.02
MYL6B,0.591228735,0.07
MYL9,0.559853265,0.14
MYLK,,
MYLPF,0.856466751,0.12
MYO18A,0.954217923,0.42
MYO18B,1.091182791,0.9
MYO1B,0.662363139,
MYO1C,0.781579343,0.08
MYO1E,0.770499384,
MYO5A,,
MYO6,,
MYO9A,,
MYO9B,0.765774009,0.15
MYOF,0.525726234,0.79
MYOG,,
MYOM1,1.022128509,0.85
MYOM2,0.461198804,0.56
MYOM3,0.708704143,0.21
MYOT,,
MYOZ2,0.742647021,
MYPN,0.812664583,0.02
"MZT2A,MZT2B",1.262019173,
NAA10,0.763830301,
NAA15,0.806246899,
NAA20,,
NAA25,0.98552176,0.13
NAA30,0.715392462,
NAA35,,
NAA50,0.660930859,0.18
NACA,0.712207678,
NAMPT,0.542216545,0.29
NAP1L1,0.890930176,0.19
NAP1L4,0.697697432,
NAPA,0.911287131,0.58
NARS,0.86282146,0.32
NAT10,0.708661684,
NAV1,1.099673997,0.79
NAV2,0.813544222,
NAV3,1.362221055,0.46
NCAM1,0.862870267,0.21
NCAPD2,,
NCAPG,,
NCBP1,0.746275101,
NCCRP1,,
NCDN,,
"NCF1,NCF1B,NCF1C",,
NCF2,,
NCKAP1,0.734781537,0.01
NCKAP5L,1.089992265,0.86
NCL,0.713503652,0.04
NCOA1,0.000864116,
NCSTN,0.000786924,
"NDE1,NDEL1",0.000676516,
NDRG3,,
NDUFA6,1.073303462,
NDUFAF2,0.871353639,
NEB,0.850168522,0.01
NECAP2,0.77744896,
NEDD1,,
NEDD4L,1.035724748,0.42
"NEDD8,NEDD8-MDP1",,
NEK1,,
NEK6,1.569860824,
NEK7,0.732036772,
NEK9,,
NELFA,0.879131375,
NELFB,1.036853002,
"NELFCD,TH1L",,
NELFE,,
NEMF,1.843385815,
NES,0.75138585,0.11
NEXN,0.688660978,0.14
NF1,0.534133315,
NF2,,
NFIC,,
NFKB2,,
NFS1,,
NFX1,,
NHEJ1,,
NHP2,0.861660291,
NHP2L1,,
NHSL1,0.944930353,
NIFK,0.650201477,0.51
NIP7,0.002106311,
NIPSNAP1,,
NIT2,0.65221371,
NKIRAS1,,
NMD3,0.625950093,0.33
"NME1,NME1-NME2,NME2,NME2P1",0.750444036,
NMNAT1,0.969693612,
NMT1,0.868063841,0.07
NNMT,0.734441144,0.36
NOB1,,
NOC2L,,
NOC4L,,
NOL6,,
NONO,0.764320551,0.05
NOP10,,
NOP16,0.740922018,
NOP2,0.733045684,0.12
NOP56,0.854188579,0.38
NOP58,0.995201017,0.62
NOP9,,
NPC2,,
NPEPL1,,
"NPEPPS,NPEPPSL1",,
NPLOC4,0.705246032,0.03
NPM1,0.872778661,0.06
NPM3,0.000456053,
NR3C1,0.92658809,0.17
NRAP,1.813207772,
NSF,0.000629255,
NSFL1C,0.793271993,
NSMCE2,,
NSUN2,0.000242147,
NT5E,0.935997028,0.88
NTPCR,0.757986974,0.2
NUBP1,1.03192847,
NUBP2,1.242611937,0.17
"NUCB2,NUCB2",,
NUDC,1.262845572,0.11
NUDCD2,,
NUDT16,0.747543696,0.84
NUDT16L1,,
NUDT21,0.753772381,0.06
NUFIP2,0.700237364,0.01
NUMA1,1.044082605,
NUMB,,
NUMBL,0.752772914,0.06
NUP107,,
NUP133,,
NUP155,,
NUP188,0.00101042,
NUP214,0.953394101,0.38
NUP54,1.243158508,0.51
NUP62,0.699564056,
NUP88,0.954009839,0.78
NUP93,0.821624262,
NUP98,,
NUPL1,1.341232958,0.1
NWD1,,
NXF1,0.974328309,0.49
OAS3,,
OBSCN,0.227071953,0.47
OBSL1,0.773748262,0.08
OGDH,,
OGT,,
OLA1,,
OLFM4,,
OLFML2A,,
OPTN,,
"ORM1,ORM2",,
OSBP,0.468085931,
OSBPL3,0.725588006,0.11
OSGEP,,
OTUB1,0.854754347,0.51
OTUD4,0.767929154,0.01
OTUD6B,0.863259062,0.52
OXR1,,
OXSR1,1.050969167,0.6
P4HA1,,
P4HA2,,
P4HB,0.789491361,
PA2G4,0.739445322,0.01
PABPC1,0.93666258,0.33
PABPN1,,
PACS1,0.750648745,0.03
PACS2,0.707736307,
PACSIN1,0.636635588,
PACSIN2,1.484498934,
PACSIN3,0.902773487,
PAF1,0.716446096,0.17
PAFAH1B1,0.660257507,
PAFAH1B2,,
PAICS,0.930517429,0.89
PAK1,,
PAK1IP1,0.000780399,
PAK2,0.924209717,0.73
PAK4,0.530738196,
PALLD,0.777225698,0.02
PANK4,,
PAPSS2,,
PARD3,0.934767381,0.05
PARG,,
PARK7,0.861761381,0.07
PARP1,0.75431678,0.03
PARP4,0.863297141,0.16
PARVA,0.943512872,0.54
PARVB,,
PATL1,1.165346501,
PAWR,1.007932845,
PBDC1,0.886348823,0.42
PBLD,,
PBXIP1,,
PC,,
PCBP1,0.918180314,0.49
PCBP4,1.269796961,0.89
PCM1,,
PCMT1,1.065122748,0.71
PCMTD1,,
PCYT1A,1.125237607,0.57
PDAP1,0.521745343,0.01
PDCD10,1.017810533,0.67
PDCD11,0.807969301,
PDCD5,,
PDCD6,1.260005494,
PDCL3,,
"PDHA1,PDHA2",,
PDHB,0.952813335,
PDIA3,0.546012962,
PDIA4,,
PDIA5,1.007194467,
PDIA6,1.003796169,
PDLIM1,,
PDLIM3,0.886412823,0.13
PDLIM4,0.829668821,0.09
PDLIM5,0.710580085,0.02
PDLIM7,,
PDRG1,0.77986594,0.16
PDS5A,0.896511309,0.19
PDS5B,1.021317047,
PDXDC1,1.619974804,0.06
PDXP,,
PDZRN3,,
PEA15,,
PEF1,,
PELO,0.833945645,0.01
PES1,0.498759934,0.31
PFDN2,0.734058681,0.01
PFDN4,,
PFDN5,1.514172958,
PFKL,0.955392081,0.09
PFKM,0.809249735,0.01
PFKP,0.790901049,0.21
PGAM1,1.368476681,1
PGAM5,,
PGD,1.634967923,0.47
PGK1,0.93424636,
PGLS,1.105746482,
PGLYRP1,,
PGM1,,
PGM5,,
PGP,1.237428047,
PGRMC2,,
PHB,,
PHB2,,
PHF6,0.804633869,0.65
PHGDH,0.623983397,0.31
PHKB,,
PHLDA3,0.000374359,
PHLDB1,0.857172739,0.12
PHLDB2,,
PI3,,
PI4KA,0.950498486,
PICALM,0.920622827,0.15
PIGR,0.18101701,
PIH1D1,0.931215489,0.13
PIK3C2B,,
PIK3C3,0.744786767,
PIK3R4,0.000884923,
PIKFYVE,,
PIN1,,
PIN4,0.517391207,0.01
PIP,0.168066112,
PIP4K2C,,
PIP5K1A,0.71917895,
PITPNA,1.498895304,
PITPNB,2.028956512,
"PITX1,PITX2,PITX3",0.000786293,
PJA2,,
PKM,0.997376845,0.79
PKN1,1.004224067,0.47
PKN2,0.981401696,0.03
PKP1,0.002914996,
PLA2G16,,
PLAA,1.082619146,
PLAT,,
PLCB1,1.232225934,
PLCB3,1.118310813,0.85
PLCB4,,
PLCE1,,
PLD3,,
PLEC,0.897111079,0.59
PLEKHA4,,
PLEKHA5,,
PLEKHA6,,
PLEKHF1,,
PLEKHG2,1.021168214,
PLEKHG5,0.909074213,
PLIN2,,
PLIN3,0.98744395,0.77
PLIN4,,
PLOD1,0.91152403,0.89
PLOD3,,
PLRG1,,
PLS3,,
"PLSCR3,TMEM256-PLSCR3",0.795196467,
PMM2,0.807836238,
PMS1,,
PMVK,0.766939892,
PNO1,0.959648496,0.56
PNPLA2,,
PNPT1,,
POGLUT1,,
POLB,,
POLDIP3,0.863696808,0.44
POLR1A,0.427837548,
POLR1C,,
POLR2A,,
POLR2B,0.792672443,
POLR2C,,
POLR2E,0.769800004,0.14
POLR2H,1.466123999,
POMP,0.79409771,
POP1,,
POP7,,
PPA1,0.595981307,0.09
PPAP2A,,
PPFIA1,0.966008891,0.56
PPFIA4,0.897428192,0.17
PPFIBP2,,
PPIA,0.875944983,0.39
PPIB,0.844914839,0.05
PPIH,,
PPIL2,,
PPIL4,,
PPL,,
PPM1A,0.881117004,
PPM1B,,
PPM1F,0.742274752,
PPM1G,,
PPP1CA,0.815650695,0.06
PPP1CB,0.776563448,0.02
PPP1CC,,
PPP1R10,,
PPP1R12B,,
PPP1R12C,,
PPP1R13L,,
PPP1R14B,0.700810575,0.03
PPP1R18,0.815121744,0.04
PPP1R21,0.822534401,0.03
PPP1R7,0.947297856,
PPP2R1A,0.908493537,0.08
PPP2R1B,0.994878841,0.73
PPP2R2A,0.733962124,0.01
PPP2R2D,0.705113976,0.01
PPP2R3A,0.889398701,0.09
PPP2R3B,0.874245143,0.14
PPP2R5B,0.964786958,0.48
PPP2R5C,1.154203099,0.33
PPP2R5D,0.972732351,0.56
PPP2R5E,0.824925702,0.26
PPP3CA,1.312753398,0.71
PPP3CB,0.818778342,
PPP3CC,0.804345643,
PPP3R1,0.0011565,
PPP4C,0.999635478,0.87
PPP4R1,0.79000043,0.01
PPP4R2,0.863633285,0.06
PPP6C,1.369895106,0.58
PPP6R1,0.95664368,
PRB3,,
PRDX1,0.806930663,0.27
PRDX2,0.790456898,0.31
PRDX3,0.597491277,
PRDX4,,
PRDX5,,
PRDX6,1.052226044,0.91
PRKAA1,1.171750556,0.82
PRKAA2,,
PRKAB1,,
PRKAB2,0.97186058,0.7
PRKAG1,1.2440813,0.13
PRKAR1A,0.920826513,
PRKAR2A,,
PRKCD,,
PRKCDBP,0.533043588,0.05
PRKCI,0.515935444,
PRKD1,,
PRKDC,0.797205035,0.01
PRKRA,0.768648237,0.01
PRMT5,1.24300797,0.21
PRNP,,
PROB1,0.684592602,0.91
PROSC,,
PRPF19,0.912315929,0.21
PRPF31,1.002708146,0.79
PRPF4,,
PRPF40A,0.870613736,
PRPF8,,
PRPS1,0.83048043,0.04
PRPS2,,
PRPSAP2,,
PRR5,,
PRRC1,,
PRRC2A,0.729508197,0.01
PRRC2B,0.839890312,0.47
PRRC2C,0.691416091,0.01
PRTN3,,
PRUNE2,1.487377764,0.23
PSAP,0.607991584,
PSIP1,0.747183829,
PSMA1,1.122804857,0.46
PSMA2,1.165631579,0.39
PSMA3,0.69963337,
PSMA4,,
PSMA5,0.834581692,0.3
PSMA6,0.862410009,0.58
PSMA7,0.992892513,0.79
PSMB1,,
PSMB4,,
PSMB5,0.883201844,0.43
PSMB6,,
PSMB7,,
PSMC1,0.970138029,0.75
PSMC2,0.756837136,
PSMC3,0.870644643,
PSMC4,,
PSMC5,0.861936873,0.64
PSMC6,,
PSMD1,0.850822615,0.51
PSMD10,,
PSMD11,0.8716827,0.55
PSMD12,0.385657631,
PSMD13,,
PSMD14,0.928855956,0.49
PSMD2,0.910607587,0.23
PSMD3,0.855791784,0.75
PSMD4,,
PSMD6,1.054223284,
PSMD7,0.815738905,
PSMD8,1.415709204,
PSMD9,,
PSME1,0.983767413,0.17
PSME2,0.974603237,0.96
PSME3,1.091638714,0.95
PSMF1,,
PSPC1,0.718820913,
PSPH,,
PSTPIP2,,
PTBP1,0.900718671,0.19
PTBP2,,
PTGDS,,
PTGES2,1.004016233,
PTGES3,1.056618071,
PTGFRN,0.859319518,0.9
PTGR1,,
PTK2,0.871366793,
PTP4A2,0.537320813,
PTPN11,,
PTPN12,0.78625635,0.1
PTPN14,,
PTPN21,0.928185101,0.26
PTPN23,0.822287391,
PTRF,0.690859196,
PUF60,0.883759829,0.35
PUM1,0.946211143,0.56
PUM2,,
PURA,1.062667145,0.89
PURB,0.762173269,
PVR,,
PWP1,0.901562472,0.28
PXDN,0.000520499,
PXK,,
PXN,0.770683816,0.03
PYCR1,0.766899308,
PYCR2,,
PYCRL,1.082342812,0.73
PYGB,0.81250926,
QARS,0.00147717,
QSOX1,,
RAB10,1.03622624,0.58
RAB11B,1.013610482,0.53
RAB12,0.856672459,0.33
RAB13,0.836607864,0.41
RAB14,0.934795114,0.73
RAB18,1.050920409,0.53
RAB1A,0.898915089,0.44
RAB1B,0.868653819,0.47
RAB21,0.942405934,0.46
RAB22A,0.609654956,0.87
RAB23,0.00123582,
RAB24,,
RAB2A,0.970102925,0.62
RAB2B,,
RAB31,1.188039839,
RAB32,0.597415598,
RAB34,1.188306267,0.4
RAB35,,
RAB3GAP1,,
RAB3GAP2,0.00103212,
RAB4A,1.181263721,
RAB5A,0.898697869,0.22
RAB5B,1.026418224,0.31
RAB5C,0.84122484,0.03
RAB7A,1.047720067,0.55
RAB8A,0.840891967,0.07
RAB8B,0.000630101,
RAB9A,1.199947886,
RABGAP1,0.832518493,
"RAC1,RAC2,RAC3",0.923517907,0.27
RAD21,,
RAD23B,0.632350004,0.34
RAD50,1.04737135,
RAE1,,
RAF1,0.891872079,
RAI14,0.740118112,0.21
RALA,0.98016017,
RALGAPA1,1.710248247,
RALGAPB,0.000865118,
RALY,,
RAN,1.222739893,
RANBP1,,
RANBP2,1.048294288,0.77
RANGAP1,0.989030613,0.94
RAP1B,0.859468417,0.95
RAP1GDS1,,
"RAP2A,RAP2B,RAP2C",,
RAPGEF1,1.152536159,0.99
RAPH1,0.920374621,0.46
RARS,1.09509206,
RASA1,,
RASA3,,
RASAL2,1.130814632,0.46
RASSF4,0.826669269,0.27
RAVER1,1.055664305,0.97
RB1CC1,,
RBFOX2,1.199162325,
RBM10,1.835893389,
RBM12,0.808485618,
RBM14,0.68553325,0.05
RBM15,,
RBM19,,
"RBM24,RBM38",1.013652479,0.93
RBM25,0.767504577,0.34
RBM27,,
RBM28,0.726713446,0.04
RBM3,0.70227482,0.02
RBM33,,
RBM34,1.030482708,
RBM39,,
RBM42,,
RBM8A,1.383867245,
"RBMS1,RBMS3",,
"RBMX,RBMXL1",0.927883766,0.47
RBPMS,,
RBSN,,
RBX1,1.088219845,0.55
RC3H1,,
RCBTB1,,
RCC1,,
RCC2,0.758414148,0.12
RCHY1,0.000221404,
RCSD1,,
RDH11,,
RDX,0.808349342,0.24
RECQL,0.797243324,0.06
REEP1,0.93473882,0.26
REEP5,,
RELL1,,
REPIN1,,
RER1,,
RETN,,
RFC1,,
RFC2,0.000607582,
RFC3,0.589988437,
RFC4,,
RFC5,,
RFTN1,,
RGL2,,
RGS12,,
RHOA,0.902223461,0.54
RHOC,,
RHOG,0.911760971,0.6
RICTOR,1.069323296,0.87
RIN1,1.963073937,0.16
RIN3,,
RIOK1,0.021730285,
RIOK2,0.838236559,
RNASE2,,
RNASEL,0.669920578,
RNF11,0.939544461,
RNF113A,,
RNF114,0.818898843,0.3
RNF126,,
RNF20,,
RNF213,0.749940361,0.23
RNF214,0.668700912,0.01
RNF25,,
RNF31,,
RNF40,,
RNH1,0.879908203,0.29
RNMT,0.869500754,
ROCK1,0.754376862,0.22
ROCK2,0.915805774,0.26
RPA1,,
RPA2,,
RPA3,,
RPAP1,,
RPAP3,0.723740603,0.04
RPF2,0.848356899,
RPL10,0.738853962,0.06
RPL10A,0.79216247,0.01
RPL12,0.769225216,0.03
RPL13,0.767396951,0.01
"RPL13A,RPL13A,RPL13AP3",0.551189113,0.01
RPL14,0.662522039,0.01
RPL15,0.719404618,0.12
"RPL17,RPL17-C18ORF32",0.779494734,0.02
RPL18,0.579701574,0.04
RPL18A,0.758348601,0.02
RPL19,0.846359751,0.04
RPL21,0.817700209,0.07
RPL22,0.814342826,0.01
RPL22L1,0.923406985,
RPL23,0.926555438,0.04
RPL23A,0.78815787,0.03
RPL24,0.758726509,0.01
RPL26,0.844016226,0.03
RPL26L1,,
RPL27,0.812703926,0.04
RPL27A,0.921634261,0.76
RPL28,0.759392056,
RPL29,1.206224441,
RPL3,0.729225949,0.01
RPL30,0.732465366,0.01
RPL31,0.776494699,0.02
RPL32,0.651958362,0.01
RPL34,0.60473809,0.01
RPL35,0.788792025,0.03
RPL35A,0.871698882,0.03
RPL36,0.750190629,0.02
"RPL36A,RPL36A-HNRNPH2",0.64343989,0.04
RPL36AL,,
RPL37A,0.721564307,0.01
RPL38,0.82732859,0.14
RPL4,0.759773548,0.05
RPL5,0.786775294,0.02
RPL6,0.735113263,0.02
RPL7,0.750642856,0.01
RPL7A,0.759425634,0.02
RPL7L1,,
RPL8,0.803966667,0.05
RPL9,0.788740389,0.68
"RPLP0,RPLP0P6",0.761958303,0.03
RPLP1,0.72914113,0.04
RPLP2,0.774212943,0.06
RPN1,,
RPN2,,
RPP25L,,
RPP30,0.001002991,
RPP38,,
RPP40,,
RPRD1A,0.991278128,
RPRD1B,,
RPRD2,,
"RPS10,RPS10-NUDT3",0.8082738,0.01
RPS11,0.812813413,0.02
RPS12,0.82616009,0.36
RPS13,0.758973857,0.01
RPS14,0.78502688,0.03
RPS15,0.826633854,0.02
RPS15A,0.795662356,0.05
RPS16,0.802542772,0.01
RPS17,0.770827712,0.01
RPS18,0.823465989,0.02
RPS19,0.799100452,0.03
RPS19BP1,,
RPS2,0.821882191,0.01
RPS20,0.76411986,0.01
RPS21,0.642965633,
RPS23,0.823934347,0.15
RPS24,0.763524839,0.01
RPS25,0.796607393,0.02
"RPS26,RPS26P11",0.686530331,0.01
RPS27,,
"RPS27A,UBA52,UBB,UBC",0.820132912,0.01
RPS27L,0.769432233,0.03
RPS28,0.701016437,0.02
RPS29,0.785944204,0.15
RPS3,0.789528904,
RPS3A,0.770508381,
RPS4X,0.80957916,
RPS4Y1,0.795395055,0.04
RPS5,0.733005296,0.06
RPS6,0.754842058,0.01
RPS7,0.796486441,0.06
RPS8,0.740442446,
RPS9,0.81467738,0.06
RPSA,0.987582834,0.97
RQCD1,1.145700845,0.94
RRAD,1.018384684,0.77
"RRAGA,RRAGB",1.387863602,
RRAS,,
RRAS2,,
RRBP1,0.587457122,0.02
RRM1,,
RRN3,1.377977477,
RRP1,,
RRP12,0.745660332,0.06
RRP15,,
RRP1B,1.413485887,0.83
RRP7A,,
RRP8,0.796003179,
RRS1,,
RSC1A1,,
RSL1D1,0.900942537,0.24
RSU1,0.810994555,0.02
RTCA,0.91976618,0.42
RTCB,0.742683651,
RTFDC1,0.69287186,
RTKN,,
RTN2,,
RTN3,,
RTN4,0.823412436,0.22
RUFY3,0.711135369,
RUVBL1,1.164546296,0.96
RUVBL2,0.790825136,0.01
RWDD4,,
RXRB,,
"RYR1,RYR3",,
S100A10,0.722220589,0.88
S100A11,0.003139232,
S100A12,,
S100A16,0.976909206,0.66
S100A2,,
S100A3,,
S100A4,1.160876902,
S100A6,,
"S100A7,S100A7A",,
S100A8,0.315677404,
S100A9,0.356333695,
S100P,,
"SAA1,SAA2,SAA2-SAA4",,
SACS,1.10213825,0.6
SAE1,,
SAMD4A,0.718376251,0.04
SAMD4B,0.546281845,0.05
SAMD9,,
SAMD9L,,
SAMHD1,0.645250608,0.01
SAR1A,0.846156794,0.27
SARNP,0.779144793,
SARS,0.809836465,0.08
SARS2,,
SART1,0.665079569,0.06
SART3,,
SASH1,1.2529571,0.39
SBDS,0.779646601,0.02
SBF1,1.330109921,0.63
SBNO1,,
SBSN,8.52013509,
SCAF11,,
SCAF4,0.709144361,0.06
SCAF8,,
SCAMP1,,
SCAMP2,,
SCAMP3,,
SCAND1,,
SCARB2,0.002129232,
SCFD1,1.002975208,0.58
SCGB1D2,,
SCP2,,
SCPEP1,,
SCRIB,,
SCYL1,0.812107321,
SCYL2,1.144422638,0.37
SDAD1,,
SDF2,,
SDHA,,
SDPR,0.72320363,
SEC13,0.806099318,0.01
SEC14L1,0.945410321,0.05
SEC16A,1.60064423,0.35
SEC22B,,
SEC23A,0.743868443,0.66
SEC23B,,
SEC23IP,,
SEC24A,,
SEC24B,,
SEC24C,1.079057616,
SEC24D,1.237800033,
SEC31A,0.842911353,0.06
SEH1L,0.876598176,
SELENBP1,,
10-Sep,1.792961546,
11-Sep,0.732029022,0.12
2-Sep,1.114389912,0.67
4-Sep,,
6-Sep,,
7-Sep,1.05035206,0.39
8-Sep,0.000685077,
9-Sep,1.033828879,0.43
SERBP1,0.583283582,
SERINC1,,
SERPINA1,,
SERPINB1,,
SERPINB12,,
"SERPINB3,SERPINB4",0.018552901,
SERPINB6,,
SERPINC1,,
SERPINE1,0.811445181,
SERPINE2,0.789968412,0.21
SERPINH1,0.975103063,0.66
"SET,SETSIP",,
SETD1A,,
SETD3,0.792617083,0.15
SETMAR,,
SF1,0.71438455,0.01
SF3A1,0.682976906,0.03
SF3A2,0.939403164,
SF3A3,1.763996202,0.65
SF3B1,1.223393802,0.85
SF3B2,0.929418857,0.63
SF3B3,0.715025436,0.69
SF3B4,,
SF3B5,,
SF3B6,,
SFN,,
SFPQ,0.773220903,0.14
SGCD,0.000776121,
SGTA,0.824104191,0.36
SH3BP1,1.127264687,
SH3D19,,
SH3GL1,0.773781365,0.38
SH3GLB1,0.876684171,0.17
SH3GLB2,,
SH3KBP1,0.920956104,0.13
SH3PXD2A,0.858279156,0.03
SH3PXD2B,1.181564209,
SHC1,0.749762931,
SHD,,
SHMT2,,
SHOC2,0.503435809,
SHROOM2,,
SIK3,,
SIKE1,,
SIRT2,0.889472435,0.14
SKIV2L,0.655563226,
SKIV2L2,,
SKP1,0.951794274,0.52
SLAIN2,0.741932735,0.16
SLC12A2,,
SLC25A11,,
SLC25A3,,
"SLC25A4,SLC25A6",,
SLC29A1,,
SLC3A2,1.278126125,0.65
SLC44A2,0.001452376,
SLC4A1AP,1.270629019,0.94
SLC7A5,1.054651677,
SLFN5,0.661467742,
SLIRP,,
SLITRK5,,
SLK,0.854519534,
SLPI,,
SLTM,,
SMAD1,0.942921507,0.52
SMAD2,0.655734573,
SMAD3,0.000572066,
SMAD5,,
SMARCA1,,
SMARCA5,0.995478987,
SMARCAL1,,
SMARCC2,,
SMC1A,0.975382333,
SMC2,0.690019719,
SMC3,0.923606425,0.36
SMC4,,
SMEK1,0.922217643,0.31
SMEK2,1.025535534,0.84
SMG1,0.618206368,
SMG8,0.67247209,0.02
SMG9,0.918170742,0.07
"SMN1,SMN2",0.842461476,0.03
SMNDC1,0.739020872,
SMTN,0.890332273,0.02
SMU1,1.708122773,
SMYD1,0.986747612,
SNAP23,0.797306267,
SNAP29,,
SNAPIN,0.993356492,
SNCA,,
SND1,0.797803266,0.04
SNF8,,
SNRNP200,0.91717447,
SNRNP70,,
SNRPA,1.169057385,0.65
SNRPA1,0.954669453,0.66
"SNRPB,SNRPN",0.869121809,0.1
SNRPB2,1.090271486,0.51
SNRPD1,0.783039518,0.82
SNRPD2,0.849702563,0.54
SNRPD3,0.806408429,0.01
SNRPE,1.04443426,
SNRPF,0.961448945,
SNTB1,1.888051975,
SNX1,1.072299162,
SNX12,,
SNX2,0.84120824,
SNX21,,
SNX29,,
SNX3,0.856119011,0.04
SNX4,,
SNX5,0.43939235,
SNX6,0.958241415,
SNX8,0.623038322,
SNX9,,
SOGA1,,
SORBS1,0.940774328,0.33
SORBS2,,
SORBS3,,
SOWAHC,,
SP1,,
SPAG9,,
SPARC,0.89655437,0.92
SPAST,,
SPATA5,0.705886663,
SPATA5L1,1.204949635,0.64
SPATS2,1.148616161,0.13
SPATS2L,0.650119024,
"SPECC1L,SPECC1L-ADORA2A",,
SPEG,,
SPG20,0.883420139,0.18
SPINK5,,
SPIRE1,,
SPR,,
"SPRR2A,SPRR2B,SPRR2D,SPRR2E,SPRR2G",,
SPRR3,,
SPTB,,
SPTBN1,0.990398318,0.82
SQSTM1,0.791476461,0.73
SRC,,
SRGAP1,0.855955988,0.01
SRGAP2,0.873906119,0.02
SRI,,
SRL,0.695008759,
SRM,0.576282481,
SRP14,0.721896643,0.07
SRP19,,
SRP54,0.846862867,0.03
SRP68,1.274680708,0.88
SRP72,0.60486171,
SRPK1,0.696712109,0.09
SRPK2,1.196743969,
SRPK3,,
SRPRB,,
SRR,0.992797423,0.53
SRRM1,0.719698687,
SRRT,0.994003275,
SRSF1,0.774142901,
SRSF2,0.789132644,0.02
SRSF3,0.732701816,
SRSF4,,
SRSF5,0.684721462,0.02
SRSF6,0.698441257,
SRSF7,,
SRSF9,,
SSB,0.687767099,0.05
SSBP1,0.6886952,
SSBP3,,
SSFA2,,
SSH1,,
SSR4,,
"ST13,ST13P4,ST13P5",0.805926385,0.14
ST5,0.795605099,
STAC3,,
STAM,,
STARD13,0.660766251,0.01
STAT1,0.724551106,0.1
STAT2,0.589646855,0.08
STAT3,0.796902886,0.99
"STAT5A,STAT5B",,
STATH,,
STAU1,0.673253255,
STAU2,0.766067086,0.31
STIP1,0.00082227,
STK10,0.804566064,0.12
STK24,,
STK25,0.784937338,0.9
STK3,,
STK38,,
STK39,,
STOM,0.935932509,
STOML2,0.684429852,
STRAP,0.813512858,0.1
STRBP,,
STRIP1,0.88131454,0.08
STRIP2,0.954441327,0.39
STRN,0.90068704,0.11
STRN4,0.894332503,0.13
STUB1,0.491418897,
STX12,,
STX17,,
STX5,,
STXBP1,,
STXBP5,0.983358967,0.52
SUB1,0.716591828,0.02
SUCLA2,,
SUCLG1,,
SUGP1,,
SUGT1,0.764665058,
"SULT1A1,SULT1A2",,
SUPT16H,,
SUPT5H,,
SURF6,,
SVIL,,
SWAP70,,
SYAP1,0.001288524,
SYCP1,,
SYDE1,,
SYNC,,
SYNCRIP,0.95190171,0.3
SYNE2,,
SYNJ1,,
SYNJ2,1.509268496,0.59
SYNPO2,0.781778814,0.05
SYNPO2L,0.734524439,0.01
SYNRG,0.003924859,
SYPL1,0.00089035,
SZT2,,
TAB1,,
TAB2,0.001340103,
TACC1,1.069983814,0.55
TAF10,1.117437927,
TAF15,,
TAF2,,
TAF8,0.778245098,
TAGLN,0.723391672,0.12
TAGLN2,0.844453113,0.34
TALDO1,,
TANC1,0.548498085,
TANC2,,
TANGO6,0.000741511,
TAOK1,1.293481585,0.4
TAOK2,0.000629425,
TAOK3,1.371545382,0.65
"TARDBP,TDP43",0.769553271,0.14
TARS,0.623998174,0.36
TAS2R60,1.182881904,
TATDN3,1.087860192,0.61
TBC1D10B,0.963653881,0.79
TBC1D2B,,
TBC1D4,0.481352936,
TBC1D5,1.006518465,0.11
TBC1D7,0.840948767,0.42
TBC1D8B,,
TBC1D9B,,
TBCB,0.805834372,
TBCC,,
TBCD,,
TBCE,1.554808765,
TBK1,0.929748294,0.21
TBL3,,
TBRG4,,
TBX15,,
TC2N,,
TCAF1,0.690390749,
TCEA1,0.349041705,
TCEB1,0.524381324,0.6
TCEB2,0.846812191,0.34
TCEB3,,
TCERG1,0.673663145,0.04
TCF25,0.212400397,
TCN1,,
TCP1,0.897808348,0.34
TDRD3,0.886873483,0.28
TECPR1,,
TELO2,,
TEP1,,
TES,0.367317803,
TEX15,,
TF,,
TFG,0.640170994,0.24
TFRC,0.692776799,0.53
TGFB1I1,1.294390212,
TGFBI,0.669554456,
TGM2,0.816732838,0.17
TGM3,,
TGOLN2,,
THBS1,0.978583216,0.03
THRAP3,0.182089447,
THTPA,,
THY1,1.018235553,0.36
THYN1,0.619797014,0.18
"TIA1,TIAL1",,
TIGAR,,
TIMM44,1.204587276,0.02
TIMM8B,,
TIMP1,,
TIPRL,,
TJAP1,,
TJP1,0.799403384,0.01
TKT,,
TLE3,,
TLK1,,
TLK2,1.32034056,
TLN1,0.985355247,0.85
TLN2,0.000542601,
TLR8,,
TMED10,0.001078607,
TMED2,0.966349411,
"TMED7,TMED7-TICAM2",,
TMED9,0.626202511,
TMEM109,,
"TMEM189-UBE2V1,UBE2V1",0.723204118,0.16
TMEM263,0.974737523,0.48
TMEM59,0.845463255,
TMOD1,1.123286151,0.6
TMOD3,,
TMSB4X,,
TNFAIP2,0.672830553,0.06
TNIK,,
TNKS1BP1,0.794310822,0.1
TNN,,
TNNC1,0.979199826,0.78
TNNI1,0.669240324,0.08
TNNI2,0.619578421,0.01
TNNT1,0.852458515,0.43
TNNT3,0.751231243,0.01
TNPO1,0.988611471,0.48
TNPO2,,
TNRC6B,0.934128797,
TNS2,,
TNS3,0.993643023,0.63
TOE1,,
TOLLIP,0.000998037,
TOM1,0.966460956,
TOM1L2,,
TOMM34,0.906147428,0.17
TOP1,0.75766232,0.05
TOP2B,0.486842461,0.03
TOP3B,1.070227088,
TOR1A,0.939882492,
"TOX,TOX3,TOX4",,
TP53BP2,,
TP53I3,0.686247913,0.08
TP53RK,0.000820716,
TPD52,0.837375417,
TPD52L1,0.955760216,0.62
TPD52L2,1.086093275,0.57
TPI1,0.022055133,
TPM1,0.492220296,0.67
TPP1,0.811857552,0.95
TPP2,,
TPPP3,0.558240212,
TPRG1L,1.028382418,0.42
TRAF5,,
TRAF6,,
TRAFD1,1.19820523,0.62
TRAP1,1.174071336,
TRAPPC1,,
TRAPPC3,0.792033564,
TRAPPC5,1.220209681,
TRAPPC6B,,
TRIM16,,
TRIM21,0.940831181,0.97
TRIM23,0.002393267,
TRIM25,0.862741161,0.01
TRIM28,0.693874739,0.01
TRIM29,,
TRIM3,0.855843346,
TRIM32,0.000736372,
TRIM38,0.548916946,0.01
TRIM47,,
TRIM5,,
TRIM54,0.945596872,0.85
TRIM55,0.723078178,0.06
TRIM56,0.64438708,
TRIM72,0.950153671,0.88
TRIO,0.978891365,0.25
TRIOBP,1.131299962,
TRIP10,0.751738134,0.01
TRIP11,0.975106259,0.46
TRIP12,0.870579118,0.12
TRIP13,,
TRIP4,0.909149295,0.3
TRIP6,0.653354026,0.08
TRMT112,0.732487553,
TRMT1L,0.717127118,0.01
TRMT2A,,
TRO,0.000592888,
TROVE2,0.830985867,0.02
TRPM6,,
TRPT1,,
TSC1,0.941509056,0.28
TSC2,0.77296154,0.02
TSEN34,,
TSG101,0.947184326,0.29
TSN,0.372070065,
TSPAN14,,
TSPAN3,,
TSPAN6,,
TSPAN7,,
TSPYL5,,
TSR1,0.490192411,
TSR3,1.215412058,
TTC1,,
TTC12,,
TTC21A,,
TTC28,,
TTC37,0.649886431,0.01
TTC9,0.865793615,
TTC9C,,
TTF2,,
TTI1,0.904126535,
TTI2,,
TTN,1.013200979,0.47
TTR,,
TTYH3,0.581470448,
TUBA1C,0.763869133,0.19
TUBA4A,0.761659278,
TUBB,0.883564029,0.5
TUBB3,1.012701583,0.97
TUBB6,0.746894886,0.1
TUBB8,1.017203412,0.37
"TUBG1,TUBG2",1.080245122,0.58
TUBGCP2,0.720001086,0.39
TUBGCP3,0.61838733,
TUBGCP4,,
TUBGCP5,,
TUFM,0.754694796,0.5
TWF1,,
TWF2,,
TWISTNB,,
TXLNA,0.667754958,
TXLNB,0.832839715,0.06
TXLNG,,
TXN,1.730403469,
TXNDC5,,
TXNL1,,
U2AF2,0.993774235,0.96
UACA,0.834021835,0.85
UBA1,0.782668597,0.5
UBA2,1.845448384,0.21
UBA5,,
UBA6,,
UBAP2,0.803351778,0.23
UBAP2L,0.76566511,0.01
"UBE2D2,UBE2D3",,
UBE2E1,0.431918975,
UBE2E2,,
UBE2I,,
UBE2K,0.975414578,0.78
UBE2L3,0.898052659,0.61
UBE2M,0.656957819,
"UBE2N,UBE2NL",1.009369537,0.65
"UBE2V1,UBE2V2",,
UBE3A,,
UBE4B,,
UBL4A,0.987866256,0.25
UBQLN1,,
UBQLN2,0.802883845,0.8
UBQLN4,,
UBR4,1.119283115,
UBTF,,
UBXN1,,
UCHL3,,
UCHL5,,
UCK2,1.060418689,
UFD1L,0.869986862,0.08
UFM1,,
UGDH,1.265003619,0.97
UGGT1,,
UGP2,0.846841701,
UHRF1BP1,0.875405411,
UHRF1BP1L,,
UHRF2,,
UMPS,0.572344874,
UNC45A,0.879723598,
UNC45B,0.743495892,0.11
UPF1,0.698801475,
UPF2,1.375415648,
UPF3B,0.865489333,
UQCRC1,,
UQCRC2,0.305672558,
URI1,0.684439213,0.03
USO1,1.161978193,0.45
USP10,1.011519698,
USP14,0.915955228,
USP24,,
USP39,0.000584094,
USP46,0.830557055,
USP47,,
USP5,0.866575082,0.49
USP7,,
USP8,1.049942836,0.6
USP9X,1.150151252,0.7
UTP14A,,
UTP23,,
UTP3,,
UTRN,1.142254604,
UXT,0.900128806,0.38
VAC14,0.769877604,0.04
VAMP2,0.513130788,
VAMP3,0.771228801,0.84
VAMP5,0.754515821,
VAPA,0.810948044,0.77
VARS,0.76279246,0.04
VASP,0.68865208,0.03
VAT1,0.94249411,0.37
VCL,0.955186369,0.88
VCP,0.543246435,0.17
VCPIP1,1.016173523,
VDAC1,0.256881448,
VDAC2,,
VDAC3,,
VIM,0.750869102,0.07
VPS11,0.980235294,
VPS13A,1.011846651,0.72
VPS13C,1.177811754,0.85
VPS13D,,
VPS16,0.81256093,0.35
VPS18,1.004502506,0.7
VPS25,0.683440423,0.15
VPS28,0.921386553,
VPS29,,
VPS33A,1.767884067,
VPS33B,,
VPS35,1.019524332,
VPS36,,
VPS37A,0.881043635,
VPS37B,0.867150116,0.02
VPS37C,,
VPS39,0.926801491,
VPS41,,
VPS4A,1.01812902,
VPS4B,0.001120857,
VPS51,0.711000621,0.04
VPS52,0.957919311,0.07
VPS53,0.54824336,0.02
VPS8,,
VTA1,0.760941264,
VWA5A,0.598821639,0.59
VWA9,,
WARS,,
WASF1,,
WASF2,0.8414147,0.36
WASF3,,
"WASH1,WASH2P,WASH3P,WASH4P",1.015424918,0.25
WASL,0.708884165,0.01
WBP11,0.784209917,
WBSCR22,0.874222327,
WDFY3,,
WDHD1,0.742135722,
WDR1,,
WDR11,,
WDR20,,
WDR24,,
WDR36,,
WDR37,0.835885079,
WDR45,0.000756238,
WDR48,0.806300622,0.12
WDR5,0.758415936,0.47
WDR59,,
WDR6,,
WDR61,0.828861096,
WDR7,0.001100642,
WDR77,2.917094951,
WDR82,0.714459049,
WDR92,0.818050192,0.02
WFDC2,,
WIBG,0.776081544,0.18
WIPF1,,
WIPF3,0.600142779,0.16
WNK1,0.772939522,0.06
XIRP1,0.73964154,0.48
XIRP2,,
XPNPEP1,,
XPO1,1.155394027,0.75
XPO5,,
XPO7,,
XRCC1,,
XRCC5,0.804775489,0.03
XRCC6,0.931406418,0.24
XRN1,0.840404755,0.03
XRN2,0.694141569,
YAF2,0.691932952,0.93
YARS,,
YBX1,0.670697045,
YBX3,0.668975924,
YKT6,1.048314277,0.56
YPEL5,,
YRDC,,
YTHDC1,,
YTHDC2,,
YTHDF1,,
YTHDF2,0.887760558,0.21
YTHDF3,0.785394835,0.07
YWHAB,0.869105351,0.48
YWHAE,0.963968182,0.54
YWHAG,0.849837382,0.01
YWHAH,,
YWHAQ,0.863715906,0.28
YWHAZ,1.123128115,0.24
YY1,0.732084524,
ZBTB40,,
ZC2HC1A,,
ZC3H14,1.082834395,
ZC3H15,0.659760682,
ZC3H4,0.62646952,0.02
ZC3H7A,,
ZC3H7B,,
ZC3HAV1,0.759897098,0.19
ZC3HAV1L,0.656056442,0.18
ZCCHC11,,
ZCCHC6,1.404668753,
ZEB2,1.300859209,
ZFAND5,,
ZFP36L1,,
"ZFP91,ZFP91-CNTF",1.017466228,
ZFR,0.955021076,0.55
ZFYVE1,1.138301892,0.65
ZFYVE16,,
ZG16B,,
ZGPAT,,
ZHX2,,
ZMAT3,,
ZMYND8,,
ZNF106,,
ZNF148,,
ZNF207,0.760588751,0.01
ZNF330,,
ZNF346,,
ZNF512,,
ZNF598,0.932014782,0.21
ZNF622,0.000814667,
ZNF787,0.000497779,
ZNF92,,
ZNFX1,0.973895119,
ZNRF2,,
ZPR1,,
ZRANB2,,
ZSWIM8,1.036878939,
ZW10,0.000156868,
ZYX,0.746830892,0.01
"A0A087X0U2,A0A0R4J2F3,A0A1B0GUZ5,P0DPB5,P0DPB6,Q7Z776",,
"A0A1B0GTL5,Q9BXF6",,
A0A1B0GV45,0.50691573,
A0A1B0GWJ6,,
A0A494C067,0.835855624,0.09
A0A5F9ZGX0,1.027080437,0.72
P0DOY3,,
P0DPA2,,
