Gene Name,MeanLN_INS,P-valueLN_INSvsCON,FC,logP
A2M,0.956549636,0.67,-0.06408826196356265,0.17392519729917355
AAK1,0.770894185,0.01,-0.37539524934166824,2.0
AASDHPPT,0.945241781,0.17,-0.081244695040991,0.769551078621726
ABCE1,0.807071638,0.04,-0.3092313579390743,1.3979400086720375
ABCF1,0.829434148,0.1,-0.26980065032480754,1.0
ABCF2,0.693954104,0.02,-0.5270878443621283,1.6989700043360187
ABCF3,1.177847196,0.87,0.23615238817342687,0.060480747381381476
ABHD14B,0.938701046,0.57,-0.09126232798305468,0.24412514432750865
ABLIM1,0.739914674,0.05,-0.43456918427363633,1.3010299956639813
ACADVL,0.964340235,0.8,-0.052385852222420065,0.09691001300805639
ACAT1,0.656867601,0.25,-0.6063254863331575,0.6020599913279624
ACLY,0.80907487,0.05,-0.30565488224466564,1.3010299956639813
ACO1,0.793283681,0.06,-0.33409122393182045,1.2218487496163564
ACOT11,1.207920073,0.4,0.27252499596974783,0.3979400086720376
ACOT9,0.677632262,0.22,-0.5614255320244987,0.6575773191777937
ACSL1,1.148800439,0.85,0.20012820558192532,0.07058107428570728
ACSL4,1.080971907,0.14,0.11232902986402067,0.8538719643217619
ACTA1,0.848001757,0.34,-0.2378608409331321,0.46852108295774486
"ACTA2,ACTG2",0.700032424,0.14,-0.5145063487430982,0.8538719643217619
ACTN1,1.395437291,0.25,0.4807172931635033,0.6020599913279624
ACTR1A,0.862198829,0.28,-0.2139074917736941,0.5528419686577808
ACTR3,0.770803278,0.01,-0.3755653878823113,2.0
ADAM10,0.839233979,0.11,-0.2528550037901152,0.958607314841775
ADD1,0.911115352,0.21,-0.13429437650961926,0.6777807052660807
ADH5,1.093823688,0.92,0.12938021075635348,0.036212172654444715
AGFG1,0.876021295,0.37,-0.19096215449301018,0.431798275933005
AGO2,1.20479245,0.98,0.2687846343010247,0.00877392430750515
AHNAK,0.801249907,0.08,-0.3196758106076487,1.0969100130080565
AHNAK2,1.030980127,0.9,0.044016523826417756,0.045757490560675115
AIP,0.997324121,0.89,-0.0038656516810989376,0.05060999335508721
AK1,0.707605204,0.11,-0.49898343668744605,0.958607314841775
AKAP12,0.831719662,0.27,-0.2658307568996242,0.5686362358410126
AKAP13,0.841273802,0.03,-0.24935267669001251,1.5228787452803376
AKAP2,0.910291243,0.31,-0.13559989286368113,0.5086383061657274
ALDOA,0.935943295,0.33,-0.09550696945950667,0.4814860601221125
ALDOC,0.953958371,1.0,-0.06800178385809301,-0.0
ALPK3,0.799405158,0.02,-0.3230012134011895,1.6989700043360187
ALYREF,0.740056606,0.01,-0.4342924699941927,2.0
ANK2,1.049654503,0.14,0.06991453852740627,0.8538719643217619
ANKHD1,1.012168722,0.84,0.017449798039887627,0.07572071393811836
ANKLE2,1.288668871,0.22,0.3658816046329966,0.6575773191777937
ANKRD17,0.807601293,0.06,-0.3082848744071853,1.2218487496163564
ANKS1A,0.943126047,0.49,-0.08447749765666232,0.3098039199714863
ANPEP,1.048086864,0.7,0.06775829041428086,0.1549019599857432
ANXA1,1.642766183,0.76,0.716127154279892,0.11918640771920865
"ANXA2,ANXA2P2",0.915460533,0.44,-0.12743040446554132,0.3565473235138126
ANXA5,0.909387452,0.5,-0.13703299740515956,0.3010299956639812
ANXA6,1.181568589,0.97,0.24070337889960336,0.01322826573375516
ANXA7,0.978404485,0.87,-0.03149707770191964,0.060480747381381476
AP2A1,0.778196102,0.05,-0.3617943410471075,1.3010299956639813
AP2A2,0.825446415,0.03,-0.276753531260581,1.5228787452803376
AP2M1,0.424098121,0.25,-1.237530003912428,0.6020599913279624
AP2S1,0.915570727,0.44,-0.12725675768954073,0.3565473235138126
AP3B1,0.722587317,0.1,-0.46875616237245177,1.0
AP3D1,0.822008827,0.07,-0.2827742087653784,1.154901959985743
AP3M1,1.055115242,0.97,0.0774005818537704,0.01322826573375516
AP3S1,0.889097812,0.59,-0.16958595240717197,0.22914798835785583
APEX1,0.752990306,0.03,-0.40929680313192585,1.5228787452803376
API5,0.981796703,0.36,-0.026503772931350148,0.44369749923271273
APOBEC2,1.096177478,0.79,0.13248139857359612,0.10237290870955855
APOBEC3C,0.698270819,0.13,-0.5181414116735129,0.8860566476931632
ARCN1,0.987959473,0.81,-0.01747623253197742,0.09151498112135022
"ARF1,ARF3",0.966881569,0.53,-0.04858890661240664,0.27572413039921095
ARF4,0.978609769,0.44,-0.03119441030002951,0.3565473235138126
ARF5,0.972569503,0.58,-0.04012674139473123,0.23657200643706275
ARF6,1.066283233,0.44,0.09259070692422722,0.3565473235138126
ARFGAP2,0.894740756,0.25,-0.16045836134975364,0.6020599913279624
ARFGAP3,1.060565373,0.9,0.08483355099211096,0.045757490560675115
ARHGAP1,0.847172988,0.09,-0.23927150496659813,1.0457574905606752
ARHGAP12,1.10636316,0.67,0.14582502312474313,0.17392519729917355
ARHGDIA,0.940338546,0.49,-0.08874783734906579,0.3098039199714863
ARHGEF17,0.93200128,0.3,-0.10159615862542021,0.5228787452803376
ARHGEF2,0.724863768,0.01,-0.46421821658569723,2.0
ARHGEF6,0.820030403,0.04,-0.28625069559052946,1.3979400086720375
ARHGEF7,0.853374427,0.04,-0.22874921682206129,1.3979400086720375
ARL1,0.924286614,0.61,-0.11358780549840777,0.21467016498923297
ARL8A,1.033078426,0.31,0.046949780346711656,0.5086383061657274
ARL8B,1.053036869,0.97,0.07455594898689012,0.01322826573375516
ARPC1A,0.732014347,0.01,-0.4500561702265236,2.0
ARPC1B,0.934367783,0.01,-0.09793756393508532,2.0
ARPC2,0.816852039,0.01,-0.2918533163115296,2.0
ARPC3,0.78359914,0.04,-0.3518122806386976,1.3979400086720375
"ARPC4,ARPC4-TTLL3",0.769219438,0.03,-0.3785328751738262,1.5228787452803376
ARPC5,0.660162794,0.06,-0.5991062626344669,1.2218487496163564
ARPC5L,0.702798774,0.03,-0.508816420253741,1.5228787452803376
ASAP1,0.754059873,0.02,-0.40724901562309157,1.6989700043360187
ASAP2,0.878891487,0.47,-0.18624304195432376,0.3279021420642826
ASCC2,1.017799552,0.29,0.025453461403657413,0.5376020021010439
ASCC3,0.739585039,0.32,-0.43521205399979274,0.494850021680094
ASNA1,1.119765989,0.64,0.16319726640465826,0.1938200260161128
ATP1A1,1.082239245,0.57,0.11401946350959985,0.24412514432750865
ATP5A1,0.815065565,0.75,-0.29501197849362665,0.12493873660829995
ATP5B,0.536986452,0.98,-0.897042404961548,0.00877392430750515
ATP6V1B2,0.851647664,0.43,-0.2316713998034435,0.36653154442041347
ATXN10,0.739144949,0.63,-0.4360707850520374,0.2006594505464183
ATXN2,0.966657487,0.32,-0.048923300676593395,0.494850021680094
ATXN2L,0.857905781,0.06,-0.22110888160072473,1.2218487496163564
BAG3,0.689347206,0.11,-0.5366972814715709,0.958607314841775
"BAG6,BAT3",0.945159808,0.31,-0.08136981347227996,0.5086383061657274
BASP1,1.415973234,0.63,0.5017939945590237,0.2006594505464183
BAX,1.038221041,0.82,0.0541136313693993,0.08618614761628333
BCAR1,0.673240888,0.58,-0.5708052962297409,0.23657200643706275
BCAS1,0.963255807,0.48,-0.054009116670743845,0.3187587626244128
BCAS3,1.025748491,0.51,0.03667703185324312,0.2924298239020636
BID,0.939610034,0.49,-0.0898659750613627,0.3098039199714863
BIN3,0.855894878,0.21,-0.22449448085576879,0.6777807052660807
BTF3L4,0.790057046,0.07,-0.3399712681672425,1.154901959985743
BUB3,0.816535967,0.15,-0.29241165947430603,0.8239087409443188
BZW1,0.917930693,0.13,-0.12354286569257067,0.8860566476931632
BZW2,0.918784632,0.18,-0.1222013691280026,0.744727494896694
C14ORF166,0.800296815,0.09,-0.3213929272491366,1.0457574905606752
C1ORF198,0.835320455,0.05,-0.25959832826113116,1.3010299956639813
"C4A,C4B",1.108981081,0.45,0.1492347536147759,0.3467874862246563
C8ORF33,0.870928716,0.27,-0.199373453309906,0.5686362358410126
CACYBP,1.020692383,0.31,0.029548131260099746,0.5086383061657274
CAD,0.885615775,0.37,-0.17524717458409386,0.431798275933005
"CALM1,CALM2,CALM3",1.213024449,0.23,0.27860862885544463,0.638272163982407
CAMK2D,0.820434844,0.05,-0.28553933027764505,1.3010299956639813
CAMSAP1,0.737507279,0.15,-0.4392708064402606,0.8239087409443188
CAND1,0.799988593,0.15,-0.32194866606193656,0.8239087409443188
CAND2,1.033445726,0.38,0.04746262399635942,0.42021640338318983
CANX,0.996879862,0.08,-0.0045084447677008,1.0969100130080565
CAP1,1.289686914,0.75,0.3670208777095682,0.12493873660829995
CAPN1,0.913382568,0.53,-0.13070883889119322,0.27572413039921095
CAPN2,1.039296053,0.45,0.055606677683383426,0.3467874862246563
CAPNS1,0.885665527,0.26,-0.17516612933892342,0.585026652029182
CAPRIN1,0.757274832,0.01,-0.4011111132950734,2.0
CAPZA1,0.878362249,0.09,-0.18711204458666222,1.0457574905606752
CAPZA2,0.892924278,0.14,-0.16339025815879712,0.8538719643217619
CAPZB,0.943254328,0.33,-0.08428128021793341,0.4814860601221125
CASKIN2,1.052264942,0.76,0.07349799587164979,0.11918640771920865
CASQ2,0.982642649,0.33,-0.025261238084695093,0.4814860601221125
CAV1,0.784493176,0.02,-0.3501671970805766,1.6989700043360187
CC2D1A,0.643657831,0.02,-0.6356341405651272,1.6989700043360187
CCAR2,0.763965855,0.29,-0.3884199355831398,0.5376020021010439
CCDC132,0.677768031,0.01,-0.5611365055801735,2.0
CCDC141,1.343104411,0.63,0.4255714621568352,0.2006594505464183
CCDC186,1.027652444,0.23,0.03935242202332386,0.638272163982407
"CCDC55,NSRP1",0.620482874,0.25,-0.688536703929386,0.6020599913279624
CCDC6,0.825716562,0.01,-0.27628145219132205,2.0
CCDC8,0.719001837,0.07,-0.4759326382319624,1.154901959985743
CCDC88A,0.765261721,0.67,-0.3859748581745266,0.17392519729917355
CCDC9,0.621287181,0.19,-0.6866678073847328,0.721246399047171
CCT2,0.941907617,0.48,-0.08634252871371345,0.3187587626244128
CCT3,0.968523912,0.4,-0.046140426752736205,0.3979400086720376
CCT4,0.892531335,0.33,-0.16402527470300793,0.4814860601221125
CCT5,0.983025104,0.92,-0.02469983503172876,0.036212172654444715
CCT6A,0.911370948,0.33,-0.13388971274442274,0.4814860601221125
CCT7,0.975888257,0.97,-0.03521213183408708,0.01322826573375516
CCT8,0.885284011,0.12,-0.17578772948949162,0.9208187539523752
CD59,0.826573472,0.5,-0.274785032201022,0.3010299956639812
CD63,0.90236963,0.35,-0.14820958143444649,0.4559319556497244
CD81,0.99455824,0.74,-0.007872239063125338,0.13076828026902382
CD82,1.062432311,0.8,0.08737092812524812,0.09691001300805639
CDC42,0.897409339,0.44,-0.15616189721266224,0.3565473235138126
CDC42BPB,0.798994898,0.06,-0.3237418040665249,1.2218487496163564
CDC42EP1,0.91532872,0.45,-0.12763814652153346,0.3467874862246563
CDC42EP4,0.591186843,0.31,-0.7583139325580188,0.5086383061657274
CDC5L,0.557756173,0.1,-0.8422935192154278,1.0
CDC73,1.237616266,0.35,0.3075640633760907,0.4559319556497244
CDK18,0.951910315,0.19,-0.07110243963119517,0.721246399047171
CDKN1A,0.71218114,0.05,-0.48968386416918036,1.3010299956639813
CDKN2AIP,0.729353659,0.03,-0.45530955692811637,1.5228787452803376
CDV3,0.739137313,0.06,-0.43608568940368336,1.2218487496163564
CEP350,0.70200987,0.14,-0.5104367804544597,0.8538719643217619
CFL1,1.089661009,0.87,0.12387938573657767,0.060480747381381476
CHORDC1,0.911791375,0.31,-0.1332243326506641,0.5086383061657274
CINP,0.810000218,0.41,-0.3040057986092647,0.38721614328026455
CIRBP,0.773428852,0.01,-0.37065951114814333,2.0
CKAP5,0.743996254,0.02,-0.42663273746430896,1.6989700043360187
CKM,1.236286356,0.58,0.3060129475564225,0.23657200643706275
CKMT2,0.421935502,0.3,-1.2449056126761628,0.5228787452803376
CLASP2,0.940817251,0.2,-0.08801358094610569,0.6989700043360187
CLIC1,0.77798635,0.21,-0.36218325196389634,0.6777807052660807
CLIC4,0.853761787,0.7,-0.22809450355894054,0.1549019599857432
CLIP1,0.893136596,0.26,-0.163047257389234,0.585026652029182
CLIP2,0.845358692,0.25,-0.24236447731728503,0.6020599913279624
CLTC,0.844621769,0.65,-0.24362266372776212,0.18708664335714442
CMAS,0.641795644,0.02,-0.6398140971045455,1.6989700043360187
CNN2,1.200716211,0.79,0.26389521069181937,0.10237290870955855
CNN3,0.830840897,0.08,-0.26735586227856234,1.0969100130080565
CNOT1,1.049170117,0.71,0.06924862172252036,0.14874165128092473
CNOT10,0.861198561,0.29,-0.21558218601841891,0.5376020021010439
CNOT2,1.436202966,0.21,0.5222596470370007,0.6777807052660807
CNOT3,0.883627273,0.3,-0.1784901469788842,0.5228787452803376
CNOT7,0.804280725,0.47,-0.31422894935788703,0.3279021420642826
CNP,0.771313281,0.05,-0.37461114247009636,1.3010299956639813
COLGALT1,1.339712418,0.57,0.4219233457185412,0.24412514432750865
COMMD4,0.917956529,0.22,-0.12350226029085287,0.6575773191777937
COMMD9,0.841172717,0.02,-0.24952603712285468,1.6989700043360187
COPA,0.663118693,0.03,-0.5926609704371797,1.5228787452803376
COPB1,1.072512186,0.82,0.10099403987576827,0.08618614761628333
COPB2,0.815947605,0.09,-0.2934515804768314,1.0457574905606752
COPE,0.86296711,0.25,-0.2126225194276413,0.6020599913279624
COPG1,0.931585371,0.36,-0.10224011028862959,0.44369749923271273
COPS3,0.963783671,0.52,-0.053218736605565725,0.28399665636520083
COPS6,0.842660629,0.99,-0.2469763740846575,0.004364805402450088
COPS8,0.815198665,0.78,-0.2947764059933713,0.10790539730951958
COPZ1,1.102275822,0.94,0.14048527403689334,0.026872146400301365
CORO1C,0.720421862,0.46,-0.47308613279861766,0.3372421683184259
CORO6,1.015084985,0.45,0.02160051785915457,0.3467874862246563
"CORO7,CORO7-PAM16",0.778228925,0.97,-0.36173349188506937,0.01322826573375516
CPSF6,0.879519467,0.09,-0.18521258469035662,1.0457574905606752
CPSF7,0.686380994,0.01,-0.5429184899542946,2.0
CRBN,1.323753028,0.43,0.4046339842935986,0.36653154442041347
CRIP2,0.780718915,0.04,-0.35712487165096474,1.3979400086720375
CRYAB,1.015757102,0.36,0.022555451681342674,0.44369749923271273
CRYZ,0.930928303,0.91,-0.10325803439591158,0.040958607678906384
CS,0.969340986,0.37,-0.04492384175869484,0.431798275933005
CSDC2,1.302234927,0.77,0.380989738399269,0.11350927482751812
CSE1L,0.727072105,0.14,-0.459829649081479,0.8538719643217619
CSRP1,0.877618294,0.01,-0.18833449577798178,2.0
CSRP2,0.717724363,0.01,-0.4784982013717693,2.0
CSRP3,0.808682698,0.01,-0.3063543499793249,2.0
CSTB,0.787548131,0.86,-0.34455999839302376,0.06550154875643228
CTIF,0.73211581,0.32,-0.449856215097578,0.494850021680094
CTNNA1,0.858084497,0.16,-0.22080837560000285,0.7958800173440752
CTNND1,0.893785008,0.03,-0.16200024915359926,1.5228787452803376
CTR9,0.87532299,0.69,-0.19211263212615726,0.16115090926274472
CTSD,0.864634925,0.76,-0.20983698302704573,0.11918640771920865
CTTN,0.671692786,0.01,-0.5741265604790657,2.0
CTTNBP2NL,0.805244286,0.01,-0.31250157658285704,2.0
CUL3,0.834264251,0.14,-0.2614236689830054,0.8538719643217619
DAPK3,0.649296483,0.06,-0.6230507000489947,1.2218487496163564
DBR1,0.651672702,0.18,-0.6177805319018529,0.744727494896694
DCLK1,0.906133295,0.09,-0.14220480411858538,1.0457574905606752
DCLK2,0.897721955,0.38,-0.15565941635349698,0.42021640338318983
"DCTN1,DKFZP686E0752",0.96866546,0.64,-0.0459295949146487,0.1938200260161128
DCTN2,1.195986669,0.85,0.25820130870426466,0.07058107428570728
DCTN4,1.132600245,0.45,0.17963874701675372,0.3467874862246563
DDB1,0.841626268,0.02,-0.24874836159515723,1.6989700043360187
DDX1,0.77458245,0.07,-0.36850928082396817,1.154901959985743
DDX17,0.823666996,0.02,-0.279866913210098,1.6989700043360187
DDX19A,1.240790082,0.69,0.31125905964702016,0.16115090926274472
DDX21,0.664781543,0.05,-0.5890477672195588,1.3010299956639813
DDX24,0.643815563,0.12,-0.6352806432790652,0.9208187539523752
DDX3X,0.812535429,0.03,-0.29949737462414905,1.5228787452803376
DDX3Y,1.164319508,0.89,0.2194870113002634,0.05060999335508721
DDX47,0.676701781,0.06,-0.5634079093301488,1.2218487496163564
DDX5,0.899182764,0.11,-0.15331371338774066,0.958607314841775
DDX6,0.747462257,0.01,-0.4199273624176484,2.0
DECR1,0.935058815,0.28,-0.09687098182271997,0.5528419686577808
DES,0.780362199,0.07,-0.3577841998672215,1.154901959985743
DHX15,0.806119603,0.04,-0.3109341893180213,1.3979400086720375
DHX16,0.881663786,0.05,-0.1816994921024266,1.3010299956639813
DHX29,0.77379501,0.03,-0.36997666963617154,1.5228787452803376
DHX38,1.081130872,0.3,0.11254117335674976,0.5228787452803376
DHX57,0.588157211,0.02,-0.7657262642896588,1.6989700043360187
DIP2B,0.826911705,0.03,-0.27419480365182325,1.5228787452803376
DIS3,0.680668824,0.18,-0.5549750619748307,0.744727494896694
DKC1,0.706957953,0.01,-0.5003036829676585,2.0
"DKFZP434B2017,SAR1B",0.937993301,0.65,-0.0923504756100265,0.18708664335714442
"DKFZP564M2223,SRP9",0.691579735,0.04,-0.5320324998275641,1.3979400086720375
"DKFZP779D0968,HSPB7",1.224603264,0.2,0.2923144335011252,0.6989700043360187
DNAJA1,0.920186484,0.95,-0.12000182906713384,0.022276394711152253
DNAJA2,0.930814978,0.27,-0.10343366915434375,0.5686362358410126
DNAJB1,0.694293215,0.03,-0.5263830221578342,1.5228787452803376
DNAJB4,0.792425504,0.02,-0.33565278116399366,1.6989700043360187
DNAJC8,0.87914124,0.11,-0.1858331321597705,0.958607314841775
DNAJC9,0.853976214,0.06,-0.22773220820569873,1.2218487496163564
DNM2,0.829552996,0.06,-0.26959394417746585,1.2218487496163564
DOCK1,1.518237271,0.7,0.6023972735896603,0.1549019599857432
DOCK11,1.603933658,0.79,0.6816144701882304,0.10237290870955855
DOCK6,0.806114579,0.23,-0.31094318069156524,0.638272163982407
DOCK7,0.805168636,0.06,-0.31263711931035576,1.2218487496163564
DPYSL2,1.275930375,0.89,0.3515496062322597,0.05060999335508721
DRG1,0.750421797,0.02,-0.414226361427596,1.6989700043360187
DST,0.95946392,0.62,-0.05969953903029362,0.20760831050174613
DSTN,1.165560692,0.82,0.22102412910659813,0.08618614761628333
DUSP27,1.166216682,0.5,0.2218358648712493,0.3010299956639812
DYNC1H1,0.807292072,0.02,-0.30883737108388204,1.6989700043360187
DYNC1I2,0.755887032,0.01,-0.4037574564084815,2.0
DYNC1LI1,0.753071804,0.01,-0.40914066513499153,2.0
DYNC1LI2,0.48456011,0.01,-1.0452524508779157,2.0
DYNLL1,0.926203769,0.88,-0.11059846707643445,0.05551732784983137
DYNLRB1,0.945524422,0.18,-0.0808133727850271,0.744727494896694
DYNLT1,0.754325026,0.07,-0.40674180433720486,1.154901959985743
DYNLT3,0.881172285,0.52,-0.18250397538403274,0.28399665636520083
ECHDC1,1.136243369,0.25,0.18427187502335982,0.6020599913279624
EDC4,0.851230286,0.31,-0.23237861335663357,0.5086383061657274
EDF1,0.750990936,0.01,-0.4131325994870476,2.0
EEA1,0.617248974,0.18,-0.6960755615854731,0.744727494896694
"EEF1A1,EEF1A1P5",0.830314279,0.06,-0.26827058621702565,1.2218487496163564
EEF1A2,0.85131663,0.1,-0.2322322819286456,1.0
EEF1B2,0.735438896,0.03,-0.44332261486182706,1.5228787452803376
EEF1D,0.752969282,0.01,-0.40933708471820923,2.0
EEF1G,0.702041145,0.01,-0.5103725088761064,2.0
EEF2,0.836721391,0.09,-0.25718077645453413,1.0457574905606752
EFHD2,0.724613428,0.05,-0.4647165538912083,1.3010299956639813
EHBP1L1,1.018057792,0.89,0.025819461084779737,0.05060999335508721
EHD1,1.021711285,0.51,0.030987577347598442,0.2924298239020636
EHD2,0.969929151,0.44,-0.04404872617933034,0.3565473235138126
EHD4,1.038889364,0.58,0.05504202334005665,0.23657200643706275
EIF1AY,0.781234608,0.08,-0.35617223413672555,1.0969100130080565
EIF2AK2,0.858197152,0.11,-0.2206189814989129,0.958607314841775
EIF2S1,0.731609355,0.01,-0.4508545721164537,2.0
"EIF2S3,EIF2S3L",0.724031141,0.04,-0.4658763450925737,1.3979400086720375
EIF3A,0.837095835,0.01,-0.2565352955710651,2.0
EIF3B,0.747625839,0.01,-0.4196116633738906,2.0
"EIF3C,EIF3CL",0.877640947,0.02,-0.18829725755128615,1.6989700043360187
EIF3D,0.973164771,0.47,-0.03924399987152463,0.3279021420642826
EIF3E,0.886921017,0.07,-0.1731224609991156,1.154901959985743
EIF3F,1.030371404,0.93,0.04316445986188224,0.03151705144606486
EIF3G,0.767707573,0.01,-0.38137121534992874,2.0
EIF3H,0.919920544,0.3,-0.120418837769353,0.5228787452803376
EIF3I,0.838492225,0.01,-0.2541306885645838,2.0
EIF3J,0.722633591,0.24,-0.46866377612205173,0.619788758288394
EIF3L,0.854441521,0.17,-0.22694633938188902,0.769551078621726
EIF3M,0.744391528,0.02,-0.4258664588642085,1.6989700043360187
EIF4A1,0.816807959,0.17,-0.29193117094161875,0.769551078621726
EIF4A2,0.775160401,0.19,-0.36743322219954033,0.721246399047171
EIF4A3,0.698321376,0.47,-0.5180369598034893,0.3279021420642826
EIF4E,0.899850014,0.36,-0.15224354021252567,0.44369749923271273
EIF4E2,0.774091422,0.16,-0.3694241328106698,0.7958800173440752
EIF4G1,0.840271728,0.03,-0.2510721512278651,1.5228787452803376
EIF4G2,0.732295384,0.01,-0.4495023929994779,2.0
EIF4G3,1.01874439,0.3,0.02679211476313701,0.5228787452803376
EIF4H,0.757921446,0.03,-0.3998797654078792,1.5228787452803376
EIF5A,0.856714125,0.1,-0.22311421989457325,1.0
EIF5B,0.718198202,0.01,-0.47754605364882713,2.0
EIF6,0.986347392,0.8,-0.01983224093403031,0.09691001300805639
ELAVL1,1.012084209,0.85,0.017329332376536683,0.07058107428570728
ELMO2,0.890415709,0.29,-0.16744904949356407,0.5376020021010439
EML4,0.809914015,0.12,-0.3041593433318106,0.9208187539523752
ENAH,0.69548022,0.03,-0.5239186109087843,1.5228787452803376
ENDOG,0.832537087,0.86,-0.26441355358728735,0.06550154875643228
ENO3,0.739277688,0.4,-0.43581172259891404,0.3979400086720376
EPRS,0.897252543,0.21,-0.156413987942928,0.6777807052660807
EPS8,0.820311944,0.02,-0.2857554601791676,1.6989700043360187
ERC1,0.909376643,0.85,-0.13705014541323837,0.07058107428570728
ERH,0.567067852,0.21,-0.81840672499812,0.6777807052660807
ETF1,0.669180966,0.07,-0.5795316845498604,1.154901959985743
EWSR1,0.71561036,0.01,-0.48275382123086563,2.0
EXOC1,1.373697796,0.49,0.4580646561459594,0.3098039199714863
EXOC2,0.733148209,0.3,-0.4478232201633199,0.5228787452803376
EXOC4,0.969419809,0.08,-0.044806532236484564,1.0969100130080565
EZR,0.899629008,0.53,-0.15259791418178198,0.27572413039921095
F13A1,0.803620695,0.01,-0.3154133777680842,2.0
FAHD1,1.147266964,0.31,0.19820113923894708,0.5086383061657274
"FAHD2A,FAHD2B",0.77689939,0.3,-0.36420031600500025,0.5228787452803376
FAM114A1,1.021397387,0.99,0.030544273378784063,0.004364805402450088
FAM114A2,1.15912091,0.26,0.21303106432470967,0.585026652029182
FAM120A,0.800568806,0.01,-0.3209026923843301,2.0
FAM120B,0.648545191,0.02,-0.6247209890918621,1.6989700043360187
FAM129B,0.810091347,0.87,-0.3038434974660947,0.060480747381381476
FAM214B,0.911165277,0.91,-0.1342153255129855,0.040958607678906384
FAM21A,0.849626772,0.01,-0.23509886826612447,2.0
FAM49B,0.889354275,0.27,-0.16916986259115643,0.5686362358410126
FAM50A,0.773655287,0.04,-0.37023719843006775,1.3979400086720375
FAM96B,0.651005641,0.67,-0.6192580504097136,0.17392519729917355
FAM98A,0.745052766,0.01,-0.4245854913920271,2.0
FAM98B,0.756755152,0.02,-0.4021015029124733,1.6989700043360187
FARSA,0.907535698,0.36,-0.13997370212095564,0.44369749923271273
FARSB,0.813428135,0.16,-0.2979132030263424,0.7958800173440752
FASN,0.870751855,0.76,-0.19966645363700644,0.11918640771920865
FBL,0.918165805,0.25,-0.12317339173662455,0.6020599913279624
FERMT2,1.162848547,0.48,0.21766320797149186,0.3187587626244128
FERMT3,0.933386026,0.48,-0.099454226440473,0.3187587626244128
FHL1,0.862742046,0.01,-0.21299882700808687,2.0
FHL2,1.007048039,0.49,0.010132505563175504,0.3098039199714863
FHL3,0.992500381,0.52,-0.01086043881140909,0.28399665636520083
FILIP1,0.944528758,0.21,-0.08233337197157563,0.6777807052660807
FIS1,0.865088911,0.01,-0.20907967905488475,2.0
FKBP15,0.851404644,0.07,-0.2320831355435257,1.154901959985743
FKBP3,0.763528163,0.01,-0.38924672257893544,2.0
FLII,0.785624898,0.09,-0.34808744266356134,1.0457574905606752
FLNC,0.899024253,0.07,-0.15356805900207393,1.154901959985743
FMNL1,0.743422762,0.08,-0.4277452338039256,1.0969100130080565
FMR1,0.665761281,0.1,-0.5869231254809597,1.0
FN1,0.85679247,0.03,-0.22298229400250247,1.5228787452803376
FOCAD,0.093392013,0.17,-3.42055701562137,0.769551078621726
FOXK1,0.668400169,0.01,-0.5812159967135292,2.0
FUBP1,0.70898581,0.12,-0.4961713419606466,0.9208187539523752
FXR1,0.758999326,0.01,-0.3978294903755922,2.0
FXR2,0.932937596,0.08,-0.10014751215149273,1.0969100130080565
G3BP1,0.809120657,0.01,-0.3055732398513298,2.0
G3BP2,0.8607986,0.09,-0.2162523633853668,1.0457574905606752
GAK,0.95861335,0.6,-0.06097906329196747,0.2218487496163564
GALK1,0.775806308,0.09,-0.3662315885677681,1.0457574905606752
GAPDH,0.869029349,0.2,-0.20252319409422048,0.6989700043360187
GBF1,0.703329832,0.28,-0.5077266838296577,0.5528419686577808
GCN1L1,0.80363012,0.02,-0.3153964576948341,1.6989700043360187
GET4,0.972555106,0.41,-0.040148097847071636,0.38721614328026455
GFPT1,0.899653446,0.6,-0.1525587245800238,0.2218487496163564
GGA2,0.925885152,0.68,-0.11109484407557911,0.16749108729376366
GIGYF2,0.755366515,0.03,-0.40475126360355357,1.5228787452803376
GIT1,1.203870412,0.37,0.2676801046999148,0.431798275933005
GIT2,0.799294576,0.14,-0.32320079572408994,0.8538719643217619
GLIPR2,0.891520399,0.48,-0.1656602861571752,0.3187587626244128
GMPPA,0.823813852,0.48,-0.27960971031302867,0.3187587626244128
GNB1,0.900777114,0.05,-0.1507579214858044,1.3010299956639813
GNB2L1,0.998797754,0.68,-0.0017355178109698395,0.16749108729376366
GNL3,1.112352276,0.33,0.15361375420653764,0.4814860601221125
GREM1,0.553229283,0.12,-0.8540505730323814,0.9208187539523752
GRWD1,0.902182128,0.53,-0.14850938797125665,0.27572413039921095
GSK3A,0.726962076,0.11,-0.46004799098159554,0.958607314841775
GSK3B,0.761889117,0.04,-0.3923470472927166,1.3979400086720375
GSTK1,0.981039245,0.76,-0.027617244442446495,0.11918640771920865
GTF2F1,0.621709284,0.01,-0.6856879720506837,2.0
GTF2F2,0.881681081,0.07,-0.18167119201070892,1.154901959985743
GTF2I,0.790365345,0.12,-0.33940840415495604,0.9208187539523752
GTPBP1,0.766591134,0.02,-0.38347078212357133,1.6989700043360187
GTPBP4,1.010472233,0.34,0.015029678111913592,0.46852108295774486
H1F0,0.643556745,0.09,-0.6358607325784901,1.0457574905606752
H1FX,0.851523272,0.04,-0.23188213581126532,1.3979400086720375
"H2AFV,H2AFZ",0.811936684,0.19,-0.3005608665418747,0.721246399047171
HBS1L,1.136751685,0.74,0.1849171425819839,0.13076828026902382
HDLBP,0.86177728,0.07,-0.21461303132350307,1.154901959985743
HIST1H1B,0.782921628,0.06,-0.353060196763978,1.2218487496163564
HIST1H1C,0.760232627,0.05,-0.3954871520329024,1.3010299956639813
"HIST1H2BA,HIST1H2BB,HIST1H2BJ,HIST1H2BO,HIST2H2BE,HIST3H2BB",1.022882334,0.99,0.0326401959941397,0.004364805402450088
HIST1H4A,1.791953477,0.62,0.8415331823884575,0.20760831050174613
HNRNPA0,0.87642523,0.01,-0.1902970785282392,2.0
"HNRNPA2B1,HNRPA2B1",0.886604713,0.01,-0.17363706330719905,2.0
HNRNPA3,0.852401518,0.01,-0.23039493253971408,2.0
HNRNPAB,0.843817531,0.07,-0.24499703384819488,1.154901959985743
HNRNPC,0.645134783,0.06,-0.6323274917906375,1.2218487496163564
HNRNPD,0.952602491,0.35,-0.07005377361703735,0.4559319556497244
HNRNPDL,0.962474534,0.46,-0.05517972578513864,0.3372421683184259
HNRNPF,0.886620821,0.47,-0.17361085239237337,0.3279021420642826
HNRNPH1,0.652616238,0.01,-0.6156932107511344,2.0
HNRNPH3,0.845194363,0.12,-0.24264494959636534,0.9208187539523752
HNRNPK,0.743598131,0.01,-0.4274049507736203,2.0
HNRNPL,0.802060361,0.08,-0.3182172806030797,1.0969100130080565
HNRNPLL,0.863193877,0.33,-0.21224346367249078,0.4814860601221125
HNRNPM,0.830983684,0.16,-0.26710794429772894,0.7958800173440752
HNRNPR,1.065796428,0.9,0.09193190304890224,0.045757490560675115
HNRNPU,0.807337623,0.01,-0.3087559701260915,2.0
HNRNPUL1,0.749954465,0.08,-0.4151250927628328,1.0969100130080565
"HNTN1,TNNT2",0.802270235,0.52,-0.31783982201506333,0.28399665636520083
HOMER3,0.85993844,0.83,-0.21769470889300266,0.08092190762392612
HOOK3,1.033566809,0.17,0.0476316465261002,0.769551078621726
HP1BP3,0.766135128,0.02,-0.3843292232301621,1.6989700043360187
HRC,1.332111826,0.92,0.41371519655623357,0.036212172654444715
HSD17B10,0.871766428,0.35,-0.19798644876657842,0.4559319556497244
HSD17B4,0.741045375,0.16,-0.432366211892992,0.7958800173440752
HSDL2,0.908395905,0.55,-0.13860689241973959,0.2596373105057561
HSP90AA1,0.889526802,0.23,-0.16889001943433374,0.638272163982407
HSP90AB1,0.874379949,0.29,-0.19366777691727494,0.5376020021010439
HSP90AB2P,1.122910875,0.34,0.16724342613738838,0.46852108295774486
HSP90B1,0.930744563,0.78,-0.10354281137527765,0.10790539730951958
HSPA12A,0.918969536,0.15,-0.12191105817196118,0.8239087409443188
"HSPA1A,HSPA1B",1.021288002,0.99,0.03038976187344083,0.004364805402450088
HSPA4,0.714218838,0.3,-0.4855619084140071,0.5228787452803376
HSPA5,0.910371739,0.24,-0.13547232265301032,0.619788758288394
HSPA8,0.861815572,0.13,-0.2145489283905502,0.8860566476931632
HSPB1,0.815751362,0.02,-0.293798603806502,1.6989700043360187
HSPD1,0.975096121,0.88,-0.03638365402011206,0.05551732784983137
"HSPE1-MOB4,MOB4",0.858198201,0.02,-0.22061721805077117,1.6989700043360187
HTRA1,0.998450731,0.45,-0.002236855896813955,0.3467874862246563
IARS,0.726440059,0.27,-0.46108433371346325,0.5686362358410126
IDH1,1.048752066,0.54,0.06867365271994355,0.26760624017703144
IDH2,0.95107498,0.2,-0.07236901141454168,0.6989700043360187
IDH3B,0.918188107,0.4,-0.123138349488403,0.3979400086720376
IFI16,0.690462242,0.03,-0.5343655721763247,1.5228787452803376
IGBP1,0.949175772,0.56,-0.07525281911482255,0.25181197299379954
IGF2BP2,0.852532131,0.1,-0.23017388613376757,1.0
IGF2BP3,0.792308472,0.03,-0.3358658661219605,1.5228787452803376
IKBKAP,0.896130559,0.18,-0.15821915825164626,0.744727494896694
ILF2,0.974644703,0.6,-0.03705170026870919,0.2218487496163564
IMPDH2,0.840298585,0.88,-0.25102604014234053,0.05551732784983137
INPPL1,0.774624401,0.04,-0.3684311472943676,1.3979400086720375
IPO4,0.718347608,0.29,-0.47724596256289614,0.5376020021010439
IPO5,0.79378739,0.64,-0.33317545082747707,0.1938200260161128
IPO7,0.755477564,0.2,-0.40453918368860925,0.6989700043360187
IQGAP1,0.814115938,0.84,-0.29669383200869454,0.07572071393811836
IRF2BP1,1.07276916,0.74,0.10133966831084684,0.13076828026902382
IRF2BP2,0.763598633,0.09,-0.38911357486668285,1.0457574905606752
IRF2BPL,1.025638496,0.72,0.036522317757677114,0.14266750356873156
ITGA3,0.79651553,0.83,-0.3282256040274701,0.08092190762392612
ITGA6,0.968992991,0.13,-0.04544186462999089,0.8860566476931632
ITGA7,0.965678537,0.36,-0.050385082078549866,0.44369749923271273
ITGAV,1.152559589,0.28,0.20484134200593532,0.5528419686577808
ITGB1,0.901686297,0.16,-0.14930249785989433,0.7958800173440752
ITGB5,0.667798025,0.25,-0.5825162682232597,0.6020599913279624
JSRP1,0.568053829,0.21,-0.8159004483409448,0.6777807052660807
KANK1,1.6298974,0.98,0.7047811514686532,0.00877392430750515
KANK2,1.130498983,0.77,0.17695969423759195,0.11350927482751812
KCTD12,0.779356295,0.02,-0.35964506504153876,1.6989700043360187
KHDRBS1,0.991775384,0.49,-0.011914676978857392,0.3098039199714863
KHSRP,0.806023994,0.14,-0.3111053088517684,0.8538719643217619
KIAA0020,0.976978941,0.25,-0.03360062997344182,0.6020599913279624
KIAA0196,1.054762083,0.76,0.07691761468154039,0.11918640771920865
KIAA1033,0.710711371,0.4,-0.49266431305805686,0.3979400086720376
KIF13B,1.07297031,0.91,0.10161015604934664,0.040958607678906384
"KIF1B,KIF1BBETA",0.695111114,0.02,-0.5246844828011917,1.6989700043360187
KIF5B,0.797950085,0.04,-0.3256295920177407,1.3979400086720375
KLC1,0.759840692,0.01,-0.39623111969066416,2.0
KLC2,0.786899405,0.02,-0.3457488774311116,1.6989700043360187
KLHL31,1.141742065,0.97,0.19123676315622354,0.01322826573375516
KLHL40,1.02916164,0.46,0.04146958953264612,0.3372421683184259
KLHL41,0.910415392,0.09,-0.13540314601444592,1.0457574905606752
KPNA2,0.754505811,0.07,-0.40639608284501433,1.154901959985743
KPNB1,1.006940549,0.51,0.009978507381640245,0.2924298239020636
LAMC1,1.37963995,0.7,0.46429181039183504,0.1549019599857432
LAPTM4A,0.949010462,0.77,-0.0755041031179835,0.11350927482751812
LARP1,0.802499306,0.11,-0.31742795029203696,0.958607314841775
LARS,0.54424945,0.17,-0.8776600504117277,0.769551078621726
LASP1,0.902046464,0.43,-0.14872634693229278,0.36653154442041347
LDHA,1.087035503,0.71,0.12039906011277975,0.14874165128092473
LDHB,0.878977821,0.57,-0.18610133217738706,0.24412514432750865
LEO1,0.720979327,0.15,-0.47197020194299466,0.8239087409443188
LGALS1,0.8426252,0.07,-0.24703703233233484,1.154901959985743
LGALS3BP,2.07497067,0.4,1.0530909439079446,0.3979400086720376
LIMCH1,0.748617088,0.44,-0.4177001151887697,0.3565473235138126
LIMD1,0.891881222,0.1,-0.16507650564053572,1.0
LMCD1,0.871744891,0.34,-0.19802209100504134,0.46852108295774486
LMNA,0.775884934,0.5,-0.3660853824962098,0.3010299956639812
LMO7,0.907098042,0.1,-0.14066960470354284,1.0
LMOD3,0.762839446,0.04,-0.39054864835624886,1.3979400086720375
LPIN1,1.025467701,0.61,0.03628205218738278,0.21467016498923297
LPP,0.755830939,0.01,-0.4038645201525371,2.0
LRRC17,0.858896092,0.24,-0.2194444881147085,0.619788758288394
LRRC40,1.364302386,0.1,0.4481634408675309,1.0
LRRC47,0.850528157,0.12,-0.2335690973386698,0.9208187539523752
LRRFIP1,0.815331362,0.06,-0.2945415850442402,1.2218487496163564
LSM14A,0.669260183,0.01,-0.5793609098045188,2.0
LTN1,0.890546387,0.25,-0.16723733414789216,0.6020599913279624
LTV1,0.957798462,0.02,-0.06220597594192441,1.6989700043360187
LUC7L2,0.577022563,0.01,-0.7933003619927278,2.0
LUZP1,0.87378423,0.13,-0.19465102653496466,0.8860566476931632
LYAR,0.683765793,0.03,-0.5484258445402653,1.5228787452803376
MACROD1,1.297183191,0.85,0.3753822344736867,0.07058107428570728
MAD1L1,0.72024457,0.14,-0.47344121609173706,0.8538719643217619
MAGED1,0.843375818,0.3,-0.2457524388757612,0.5228787452803376
MAGED2,0.795749986,0.04,-0.3296128684081714,1.3979400086720375
MANF,1.21816811,0.68,0.2847132422160057,0.16749108729376366
MAP1B,0.72327338,0.03,-0.46738704048654045,1.5228787452803376
MAP1S,0.864503513,0.06,-0.21005626846644382,1.2218487496163564
MAP2K2,1.024564988,0.77,0.03501149717661788,0.11350927482751812
MAP4K4,1.006301896,0.49,0.009063186378803167,0.3098039199714863
MAP7D3,1.13629691,0.66,0.18433985475151893,0.1804560644581313
MAPK1,0.932082579,0.28,-0.10147031700768688,0.5528419686577808
MAPRE1,0.762454678,0.79,-0.3912765117742387,0.10237290870955855
MAPRE3,0.796443317,0.2,-0.3283564063231542,0.6989700043360187
MARCKS,0.734275754,0.02,-0.4456061323399802,1.6989700043360187
MARCKSL1,0.877901437,0.11,-0.18786911905986103,0.958607314841775
MARK2,0.57661669,0.07,-0.7943154990678007,1.154901959985743
MARK3,1.187376557,0.84,0.24777753461326038,0.07572071393811836
MARS,0.952599665,0.93,-0.07005805353680622,0.03151705144606486
MATR3,0.784163811,0.14,-0.35077303157857476,0.8538719643217619
MDH2,0.673791762,0.44,-0.5696253051845946,0.3565473235138126
MED15,0.943778121,0.84,-0.08348036809439197,0.07572071393811836
METAP2,0.686721483,0.01,-0.5422029981245532,2.0
MFGE8,1.001398166,0.27,0.0020157183282660577,0.5686362358410126
MGLL,1.725876462,0.18,0.7873292002998548,0.744727494896694
MICAL1,0.947900335,0.84,-0.07719271694529953,0.07572071393811836
MLLT11,0.966311456,0.28,-0.0494398296304955,0.5528419686577808
MLST8,0.886244203,0.05,-0.17422380929741405,1.3010299956639813
"MOB1A,MOB1B",0.815133812,0.38,-0.29489118393327757,0.42021640338318983
MRTO4,0.722672388,0.05,-0.46858632229521086,1.3010299956639813
MSH6,0.741123542,0.03,-0.432214041459417,1.5228787452803376
MSN,0.816848269,0.06,-0.2918599747669117,1.2218487496163564
MTHFD1,0.849359011,0.25,-0.23555360717436852,0.6020599913279624
MTOR,0.838377895,0.14,-0.2543274161731363,0.8538719643217619
MTSS1L,0.801629824,0.04,-0.3189919110342583,1.3979400086720375
MTX3,1.16430956,0.98,0.2194746847941109,0.00877392430750515
MURC,0.784326283,0.12,-0.3504741485312182,0.9208187539523752
MVB12A,0.808453409,0.01,-0.30676346100469293,2.0
MVP,0.8485895,0.17,-0.23686126729765675,0.769551078621726
MYBBP1A,0.705599799,0.02,-0.5030779449637889,1.6989700043360187
MYBPH,0.797916036,0.44,-0.3256911539781185,0.3565473235138126
MYH10,0.402108155,0.05,-1.314344499712145,1.3010299956639813
MYH3,0.870392257,0.14,-0.20026237244133085,0.8538719643217619
MYH7,0.83354296,0.37,-0.26267153864893783,0.431798275933005
MYH8,0.645070428,0.04,-0.6324714140731424,1.3979400086720375
MYL12A,0.609063925,0.06,-0.7153344391029351,1.2218487496163564
MYL4,0.578628612,0.02,-0.7892904315404733,1.6989700043360187
MYL6B,0.591228735,0.07,-0.7582117055884108,1.154901959985743
MYL9,0.559853265,0.14,-0.8368793419964082,0.8538719643217619
MYLPF,0.856466751,0.12,-0.22353085453079263,0.9208187539523752
MYO18A,0.954217923,0.42,-0.06760931028346628,0.37675070960209955
MYO18B,1.091182791,0.9,0.12589279696855277,0.045757490560675115
MYO1C,0.781579343,0.08,-0.3555357572449378,1.0969100130080565
MYO9B,0.765774009,0.15,-0.3850094001251721,0.8239087409443188
MYOF,0.525726234,0.79,-0.9276163669827506,0.10237290870955855
MYOM1,1.022128509,0.85,0.0315765931852077,0.07058107428570728
MYOM2,0.461198804,0.56,-1.116539323149859,0.25181197299379954
MYOM3,0.708704143,0.21,-0.4967446120026176,0.6777807052660807
MYPN,0.812664583,0.02,-0.29926807381892206,1.6989700043360187
NAA25,0.98552176,0.13,-0.021040369029546854,0.8860566476931632
NAA50,0.660930859,0.18,-0.5974287378217304,0.744727494896694
NAMPT,0.542216545,0.29,-0.8830589591641963,0.5376020021010439
NAP1L1,0.890930176,0.19,-0.16661572563828458,0.721246399047171
NAPA,0.911287131,0.58,-0.134022400681585,0.23657200643706275
NARS,0.86282146,0.32,-0.2128660353911343,0.494850021680094
NAV1,1.099673997,0.79,0.13707589409617726,0.10237290870955855
NAV3,1.362221055,0.46,0.44596083629773325,0.3372421683184259
NCAM1,0.862870267,0.21,-0.21278442913924384,0.6777807052660807
NCKAP1,0.734781537,0.01,-0.44461271886432074,2.0
NCKAP5L,1.089992265,0.86,0.12431789712537938,0.06550154875643228
NCL,0.713503652,0.04,-0.4870072808712492,1.3979400086720375
NEB,0.850168522,0.01,-0.23417925157154418,2.0
NEDD4L,1.035724748,0.42,0.05064064640519137,0.37675070960209955
NES,0.75138585,0.11,-0.41237414729608074,0.958607314841775
NEXN,0.688660978,0.14,-0.5381341638150172,0.8538719643217619
NIFK,0.650201477,0.51,-0.621041261624158,0.2924298239020636
NMD3,0.625950093,0.33,-0.6758804592176995,0.4814860601221125
NMT1,0.868063841,0.07,-0.2041269465641499,1.154901959985743
NNMT,0.734441144,0.36,-0.44528121290295847,0.44369749923271273
NONO,0.764320551,0.05,-0.38775027292383474,1.3010299956639813
NOP2,0.733045684,0.12,-0.4480249838045604,0.9208187539523752
NOP56,0.854188579,0.38,-0.22737348645333338,0.42021640338318983
NOP58,0.995201017,0.62,-0.006940135122115686,0.20760831050174613
NPLOC4,0.705246032,0.03,-0.5038014512406797,1.5228787452803376
NPM1,0.872778661,0.06,-0.19631226596395115,1.2218487496163564
NR3C1,0.92658809,0.17,-0.10999995623338617,0.769551078621726
NT5E,0.935997028,0.88,-0.09542414595097821,0.05551732784983137
NTPCR,0.757986974,0.2,-0.3997550389805422,0.6989700043360187
NUBP2,1.242611937,0.17,0.3133758185327183,0.769551078621726
NUDC,1.262845572,0.11,0.3366782288868333,0.958607314841775
NUDT16,0.747543696,0.84,-0.41977018358994483,0.07572071393811836
NUDT21,0.753772381,0.06,-0.40779916075577594,1.2218487496163564
NUFIP2,0.700237364,0.01,-0.5140840502313047,2.0
NUMBL,0.752772914,0.06,-0.4097133764129601,1.2218487496163564
NUP214,0.953394101,0.38,-0.06885539593705839,0.42021640338318983
NUP54,1.243158508,0.51,0.3140102578756494,0.2924298239020636
NUP88,0.954009839,0.78,-0.06792394961746645,0.10790539730951958
NUPL1,1.341232958,0.1,0.4235598398987878,1.0
NXF1,0.974328309,0.49,-0.03752011112505898,0.3098039199714863
OBSCN,0.227071953,0.47,-2.138778573636211,0.3279021420642826
OBSL1,0.773748262,0.08,-0.37006383115082786,1.0969100130080565
OSBPL3,0.725588006,0.11,-0.46277748663302043,0.958607314841775
OTUB1,0.854754347,0.51,-0.22641824013668255,0.2924298239020636
OTUD4,0.767929154,0.01,-0.38095487494017805,2.0
OTUD6B,0.863259062,0.52,-0.21213452114163966,0.28399665636520083
OXSR1,1.050969167,0.6,0.07172034459153032,0.2218487496163564
PA2G4,0.739445322,0.01,-0.4354846231490714,2.0
PABPC1,0.93666258,0.33,-0.09439866475174709,0.4814860601221125
PACS1,0.750648745,0.03,-0.4137901170973353,1.5228787452803376
PAF1,0.716446096,0.17,-0.48106993186390556,0.769551078621726
PAICS,0.930517429,0.89,-0.1038949220383141,0.05060999335508721
PAK2,0.924209717,0.73,-0.11370783702756233,0.1366771398795441
PALLD,0.777225698,0.02,-0.36359449226023854,1.6989700043360187
PARD3,0.934767381,0.05,-0.09732070318275919,1.3010299956639813
PARK7,0.861761381,0.07,-0.21463964796863524,1.154901959985743
PARP1,0.75431678,0.03,-0.4067575754278108,1.5228787452803376
PARP4,0.863297141,0.16,-0.21207088419269424,0.7958800173440752
PARVA,0.943512872,0.54,-0.0838858947681691,0.26760624017703144
PBDC1,0.886348823,0.42,-0.1740535110358964,0.37675070960209955
PCBP1,0.918180314,0.49,-0.12315059422352817,0.3098039199714863
PCBP4,1.269796961,0.89,0.3445978302445242,0.05060999335508721
PCMT1,1.065122748,0.71,0.09101970061675674,0.14874165128092473
PCYT1A,1.125237607,0.57,0.17022967543832795,0.24412514432750865
PDAP1,0.521745343,0.01,-0.9385822766671585,2.0
PDCD10,1.017810533,0.67,0.025469026500687383,0.17392519729917355
PDLIM3,0.886412823,0.13,-0.1739493430752848,0.8860566476931632
PDLIM4,0.829668821,0.09,-0.2693925242688433,1.0457574905606752
PDLIM5,0.710580085,0.02,-0.4929308391964886,1.6989700043360187
PDRG1,0.77986594,0.16,-0.3587019508095921,0.7958800173440752
PDS5A,0.896511309,0.19,-0.15760631286977272,0.721246399047171
PDXDC1,1.619974804,0.06,0.695971374574757,1.2218487496163564
PELO,0.833945645,0.01,-0.2619747402875077,2.0
PES1,0.498759934,0.31,-1.0035825185352163,0.5086383061657274
PFDN2,0.734058681,0.01,-0.44603269748130964,2.0
PFKL,0.955392081,0.09,-0.06583517615791694,1.0457574905606752
PFKM,0.809249735,0.01,-0.3053431068832488,2.0
PFKP,0.790901049,0.21,-0.33843088697418916,0.6777807052660807
PGAM1,1.368476681,1.0,0.4525708512229348,-0.0
PGD,1.634967923,0.47,0.7092623312690527,0.3279021420642826
PHF6,0.804633869,0.65,-0.3135956290963874,0.18708664335714442
PHGDH,0.623983397,0.31,-0.6804204526338667,0.5086383061657274
PHLDB1,0.857172739,0.12,-0.2223421267381675,0.9208187539523752
PICALM,0.920622827,0.15,-0.11931788001249252,0.8239087409443188
PIH1D1,0.931215489,0.13,-0.10281303995125315,0.8860566476931632
PIN4,0.517391207,0.01,-0.9506725590813478,2.0
PKM,0.997376845,0.79,-0.003789384957765381,0.10237290870955855
PKN1,1.004224067,0.47,0.006081205825927211,0.3279021420642826
PKN2,0.981401696,0.03,-0.027084330299364363,1.5228787452803376
PLCB3,1.118310813,0.85,0.16132121327477456,0.07058107428570728
PLEC,0.897111079,0.59,-0.15664146626358155,0.22914798835785583
PLIN3,0.98744395,0.77,-0.018229235674311894,0.11350927482751812
PLOD1,0.91152403,0.89,-0.13364740515629064,0.05060999335508721
PNO1,0.959648496,0.56,-0.05942202857445154,0.25181197299379954
POLDIP3,0.863696808,0.44,-0.2114031370827122,0.3565473235138126
POLR2E,0.769800004,0.14,-0.3774444162421438,0.8538719643217619
PPA1,0.595981307,0.09,-0.7466610137323523,1.0457574905606752
PPFIA1,0.966008891,0.56,-0.04989162741784655,0.25181197299379954
PPFIA4,0.897428192,0.17,-0.15613158903252097,0.769551078621726
PPIA,0.875944983,0.39,-0.1910878360719452,0.4089353929735008
PPIB,0.844914839,0.05,-0.24312215886995442,1.3010299956639813
PPP1CA,0.815650695,0.06,-0.29397664916477817,1.2218487496163564
PPP1CB,0.776563448,0.02,-0.3648242921351347,1.6989700043360187
PPP1R14B,0.700810575,0.03,-0.5129035499925838,1.5228787452803376
PPP1R18,0.815121744,0.04,-0.2949125430922016,1.3979400086720375
PPP1R21,0.822534401,0.03,-0.28185207669086093,1.5228787452803376
PPP2R1A,0.908493537,0.08,-0.13845184368742638,1.0969100130080565
PPP2R1B,0.994878841,0.73,-0.007407253785405014,0.1366771398795441
PPP2R2A,0.733962124,0.01,-0.4462224799486828,2.0
PPP2R2D,0.705113976,0.01,-0.5040716184827961,2.0
PPP2R3A,0.889398701,0.09,-0.16909779730635902,1.0457574905606752
PPP2R3B,0.874245143,0.14,-0.19389021905076279,0.8538719643217619
PPP2R5B,0.964786958,0.48,-0.051717689883918484,0.3187587626244128
PPP2R5C,1.154203099,0.33,0.20689710971900746,0.4814860601221125
PPP2R5D,0.972732351,0.56,-0.039885195331240464,0.25181197299379954
PPP2R5E,0.824925702,0.26,-0.27766390787203254,0.585026652029182
PPP3CA,1.312753398,0.71,0.3925959300187737,0.14874165128092473
PPP4C,0.999635478,0.87,-0.0005259899549755205,0.060480747381381476
PPP4R1,0.79000043,0.01,-0.3400746563334462,2.0
PPP4R2,0.863633285,0.06,-0.21150924803104232,1.2218487496163564
PPP6C,1.369895106,0.58,0.45406542906375474,0.23657200643706275
PRDX1,0.806930663,0.27,-0.3094833822810229,0.5686362358410126
PRDX2,0.790456898,0.31,-0.3392412973726331,0.5086383061657274
PRDX6,1.052226044,0.91,0.07344466425647027,0.040958607678906384
PRKAA1,1.171750556,0.82,0.22866547938126633,0.08618614761628333
PRKAB2,0.97186058,0.7,-0.0411787306133013,0.1549019599857432
PRKAG1,1.2440813,0.13,0.3150807678433446,0.8860566476931632
PRKCDBP,0.533043588,0.05,-0.9076745851293813,1.3010299956639813
PRKDC,0.797205035,0.01,-0.32697727288576545,2.0
PRKRA,0.768648237,0.01,-0.37960457841766476,2.0
PRMT5,1.24300797,0.21,0.31383554678670783,0.6777807052660807
PROB1,0.684592602,0.91,-0.5466823928340624,0.040958607678906384
PRPF19,0.912315929,0.21,-0.13239458817929503,0.6777807052660807
PRPF31,1.002708146,0.79,0.0039017479340856033,0.10237290870955855
PRPS1,0.83048043,0.04,-0.2679819229364413,1.3979400086720375
PRRC2A,0.729508197,0.01,-0.4550039060453466,2.0
PRRC2B,0.839890312,0.47,-0.25172716778944426,0.3279021420642826
PRRC2C,0.691416091,0.01,-0.5323739157363249,2.0
PRUNE2,1.487377764,0.23,0.5727711094174173,0.638272163982407
PSMA1,1.122804857,0.46,0.16710720974919707,0.3372421683184259
PSMA2,1.165631579,0.39,0.22111186817871795,0.4089353929735008
PSMA5,0.834581692,0.3,-0.26087482196220135,0.5228787452803376
PSMA6,0.862410009,0.58,-0.21355417299955284,0.23657200643706275
PSMA7,0.992892513,0.79,-0.010290549696927229,0.10237290870955855
PSMB5,0.883201844,0.43,-0.17918491062581135,0.36653154442041347
PSMC1,0.970138029,0.75,-0.0437380696628738,0.12493873660829995
PSMC5,0.861936873,0.64,-0.21434588258550866,0.1938200260161128
PSMD1,0.850822615,0.51,-0.23306971401621426,0.2924298239020636
PSMD11,0.8716827,0.55,-0.1981250177314383,0.2596373105057561
PSMD14,0.928855956,0.49,-0.10647320944952246,0.3098039199714863
PSMD2,0.910607587,0.23,-0.13509861523409797,0.638272163982407
PSMD3,0.855791784,0.75,-0.22466826640428902,0.12493873660829995
PSME1,0.983767413,0.17,-0.023610827874440236,0.769551078621726
PSME2,0.974603237,0.96,-0.03711308065172451,0.017728766960431602
PSME3,1.091638714,0.95,0.1264954645336152,0.022276394711152253
PTBP1,0.900718671,0.19,-0.1508515275069856,0.721246399047171
PTGFRN,0.859319518,0.9,-0.21873343113304214,0.045757490560675115
PTPN12,0.78625635,0.1,-0.3469283312877841,1.0
PTPN21,0.928185101,0.26,-0.10751555498098915,0.585026652029182
PUF60,0.883759829,0.35,-0.17827373951050068,0.4559319556497244
PUM1,0.946211143,0.56,-0.07976594412425361,0.25181197299379954
PURA,1.062667145,0.89,0.08768977800086654,0.05060999335508721
PWP1,0.901562472,0.28,-0.14950063104793807,0.5528419686577808
PXN,0.770683816,0.03,-0.3757889995310764,1.5228787452803376
PYCRL,1.082342812,0.73,0.11415751842595713,0.1366771398795441
RAB10,1.03622624,0.58,0.05133902203257236,0.23657200643706275
RAB11B,1.013610482,0.53,0.0195033489394525,0.27572413039921095
RAB12,0.856672459,0.33,-0.22318438658333672,0.4814860601221125
RAB13,0.836607864,0.41,-0.2573765357047461,0.38721614328026455
RAB14,0.934795114,0.73,-0.0972779014452629,0.1366771398795441
RAB18,1.050920409,0.53,0.07165341155601819,0.27572413039921095
RAB1A,0.898915089,0.44,-0.15374324885187388,0.3565473235138126
RAB1B,0.868653819,0.47,-0.20314675457649492,0.3279021420642826
RAB21,0.942405934,0.46,-0.08557947154515609,0.3372421683184259
RAB22A,0.609654956,0.87,-0.7139351376350556,0.060480747381381476
RAB2A,0.970102925,0.62,-0.0437902738662915,0.20760831050174613
RAB34,1.188306267,0.4,0.24890671571554174,0.3979400086720376
RAB5A,0.898697869,0.22,-0.15409191369311506,0.6575773191777937
RAB5B,1.026418224,0.31,0.03761869073997985,0.5086383061657274
RAB5C,0.84122484,0.03,-0.24943664375286617,1.5228787452803376
RAB7A,1.047720067,0.55,0.06725330475888606,0.2596373105057561
RAB8A,0.840891967,0.07,-0.25000763172542073,1.154901959985743
"RAC1,RAC2,RAC3",0.923517907,0.27,-0.11478815957068098,0.5686362358410126
RAD23B,0.632350004,0.34,-0.6612047876474119,0.46852108295774486
RAI14,0.740118112,0.21,-0.4341725727953595,0.6777807052660807
RANBP2,1.048294288,0.77,0.06804378198803611,0.11350927482751812
RANGAP1,0.989030613,0.94,-0.015912918149925778,0.026872146400301365
RAP1B,0.859468417,0.95,-0.21848346911613892,0.022276394711152253
RAPGEF1,1.152536159,0.99,0.20481201364086551,0.004364805402450088
RAPH1,0.920374621,0.46,-0.1197068925750873,0.3372421683184259
RASAL2,1.130814632,0.46,0.17736245593052877,0.3372421683184259
RASSF4,0.826669269,0.27,-0.27461783853543453,0.5686362358410126
RAVER1,1.055664305,0.97,0.07815113914074787,0.01322826573375516
RBM14,0.68553325,0.05,-0.5447014530305339,1.3010299956639813
"RBM24,RBM38",1.013652479,0.93,0.01956312299423136,0.03151705144606486
RBM25,0.767504577,0.34,-0.3817527408924763,0.46852108295774486
RBM28,0.726713446,0.04,-0.46054149488406254,1.3979400086720375
RBM3,0.70227482,0.02,-0.5098923864888472,1.6989700043360187
"RBMX,RBMXL1",0.927883766,0.47,-0.1079840015151616,0.3279021420642826
RBX1,1.088219845,0.55,0.12197004303257639,0.2596373105057561
RCC2,0.758414148,0.12,-0.3989422173349268,0.9208187539523752
RDX,0.808349342,0.24,-0.30694918179832054,0.619788758288394
RECQL,0.797243324,0.06,-0.3269079832783354,1.2218487496163564
REEP1,0.93473882,0.26,-0.09736478414172478,0.585026652029182
RHOA,0.902223461,0.54,-0.14844329317028843,0.26760624017703144
RHOG,0.911760971,0.6,-0.13327244061984136,0.2218487496163564
RICTOR,1.069323296,0.87,0.09669809910255019,0.060480747381381476
RIN1,1.963073937,0.16,0.973114511334108,0.7958800173440752
RNF114,0.818898843,0.3,-0.2882428453600817,0.5228787452803376
RNF213,0.749940361,0.23,-0.4151522250263815,0.638272163982407
RNF214,0.668700912,0.01,-0.5805670099642637,2.0
RNH1,0.879908203,0.29,-0.1845750733926732,0.5376020021010439
ROCK1,0.754376862,0.22,-0.40664266806546845,0.6575773191777937
ROCK2,0.915805774,0.26,-0.12688643389980928,0.585026652029182
RPAP3,0.723740603,0.04,-0.46645538352063215,1.3979400086720375
RPL10,0.738853962,0.06,-0.43663885787558676,1.2218487496163564
RPL10A,0.79216247,0.01,-0.33613174207635343,2.0
RPL12,0.769225216,0.03,-0.37852203839536347,1.5228787452803376
RPL13,0.767396951,0.01,-0.38195506201066215,2.0
"RPL13A,RPL13A,RPL13AP3",0.551189113,0.01,-0.8593807024475284,2.0
RPL14,0.662522039,0.01,-0.5939596478303432,2.0
RPL15,0.719404618,0.12,-0.4751246744405983,0.9208187539523752
"RPL17,RPL17-C18ORF32",0.779494734,0.02,-0.3593888182859795,1.6989700043360187
RPL18,0.579701574,0.04,-0.7866176920782642,1.3979400086720375
RPL18A,0.758348601,0.02,-0.3990669096534404,1.6989700043360187
RPL19,0.846359751,0.04,-0.24065707378393508,1.3979400086720375
RPL21,0.817700209,0.07,-0.29035608578353184,1.154901959985743
RPL22,0.814342826,0.01,-0.29629181974803265,2.0
RPL23,0.926555438,0.04,-0.11005079620100686,1.3979400086720375
RPL23A,0.78815787,0.03,-0.34344346082207394,1.5228787452803376
RPL24,0.758726509,0.01,-0.3983481502390968,2.0
RPL26,0.844016226,0.03,-0.2446573602384157,1.5228787452803376
RPL27,0.812703926,0.04,-0.29919823125621653,1.3979400086720375
RPL27A,0.921634261,0.76,-0.11773374610186518,0.11918640771920865
RPL3,0.729225949,0.01,-0.4555621952937321,2.0
RPL30,0.732465366,0.01,-0.4491675503440597,2.0
RPL31,0.776494699,0.02,-0.36495201927995846,1.6989700043360187
RPL32,0.651958362,0.01,-0.6171482667106385,2.0
RPL34,0.60473809,0.01,-0.7256176435257107,2.0
RPL35,0.788792025,0.03,-0.34228312931645855,1.5228787452803376
RPL35A,0.871698882,0.03,-0.19809823565298418,1.5228787452803376
RPL36,0.750190629,0.02,-0.41467085318852237,1.6989700043360187
"RPL36A,RPL36A-HNRNPH2",0.64343989,0.04,-0.6361227163706489,1.3979400086720375
RPL37A,0.721564307,0.01,-0.4708001190818747,2.0
RPL38,0.82732859,0.14,-0.2734676566506637,0.8538719643217619
RPL4,0.759773548,0.05,-0.39635861035683295,1.3010299956639813
RPL5,0.786775294,0.02,-0.3459764394866047,1.6989700043360187
RPL6,0.735113263,0.02,-0.4439615437417762,1.6989700043360187
RPL7,0.750642856,0.01,-0.41380143539298175,2.0
RPL7A,0.759425634,0.02,-0.39701939772056744,1.6989700043360187
RPL8,0.803966667,0.05,-0.3147924073521792,1.3010299956639813
RPL9,0.788740389,0.68,-0.34237757428696675,0.16749108729376366
"RPLP0,RPLP0P6",0.761958303,0.03,-0.39221604428302204,1.5228787452803376
RPLP1,0.72914113,0.04,-0.45573001031448124,1.3979400086720375
RPLP2,0.774212943,0.06,-0.3691976686239286,1.2218487496163564
"RPS10,RPS10-NUDT3",0.8082738,0.01,-0.30708401108045397,2.0
RPS11,0.812813413,0.02,-0.29900388531060157,1.6989700043360187
RPS12,0.82616009,0.36,-0.2755067264747289,0.44369749923271273
RPS13,0.758973857,0.01,-0.39787790229803105,2.0
RPS14,0.78502688,0.03,-0.3491860409101458,1.5228787452803376
RPS15,0.826633854,0.02,-0.2746796457674783,1.6989700043360187
RPS15A,0.795662356,0.05,-0.3297717503814028,1.3010299956639813
RPS16,0.802542772,0.01,-0.31734981130300705,2.0
RPS17,0.770827712,0.01,-0.375519656042642,2.0
RPS18,0.823465989,0.02,-0.28021903025974054,1.6989700043360187
RPS19,0.799100452,0.03,-0.3235512244085997,1.5228787452803376
RPS2,0.821882191,0.01,-0.28299648278179296,2.0
RPS20,0.76411986,0.01,-0.38812913743177524,2.0
RPS23,0.823934347,0.15,-0.2793987101864714,0.8239087409443188
RPS24,0.763524839,0.01,-0.3892530033279463,2.0
RPS25,0.796607393,0.02,-0.32805922603770565,1.6989700043360187
"RPS26,RPS26P11",0.686530331,0.01,-0.5426046346509726,2.0
"RPS27A,UBA52,UBB,UBC",0.820132912,0.01,-0.2860703608338785,2.0
RPS27L,0.769432233,0.03,-0.3781338267095515,1.5228787452803376
RPS28,0.701016437,0.02,-0.5124798228335262,1.6989700043360187
RPS29,0.785944204,0.15,-0.3475011990316668,0.8239087409443188
RPS4Y1,0.795395055,0.04,-0.3302565020039234,1.3979400086720375
RPS5,0.733005296,0.06,-0.448104472946645,1.2218487496163564
RPS6,0.754842058,0.01,-0.40575328618110107,2.0
RPS7,0.796486441,0.06,-0.32827829267043857,1.2218487496163564
RPS9,0.81467738,0.06,-0.2956992434230519,1.2218487496163564
RPSA,0.987582834,0.97,-0.018026334873155792,0.01322826573375516
RQCD1,1.145700845,0.94,0.19623038983966026,0.026872146400301365
RRAD,1.018384684,0.77,0.02628262709797654,0.11350927482751812
RRBP1,0.587457122,0.02,-0.7674445404615692,1.6989700043360187
RRP12,0.745660332,0.06,-0.42340950051232973,1.2218487496163564
RRP1B,1.413485887,0.83,0.4992574786011661,0.08092190762392612
RSL1D1,0.900942537,0.24,-0.15049300242107966,0.619788758288394
RSU1,0.810994555,0.02,-0.30223586663577384,1.6989700043360187
RTCA,0.91976618,0.42,-0.12066094440078017,0.37675070960209955
RTN4,0.823412436,0.22,-0.28031285703696845,0.6575773191777937
RUVBL1,1.164546296,0.96,0.21976799436369743,0.017728766960431602
RUVBL2,0.790825136,0.01,-0.33856936771726803,2.0
S100A10,0.722220589,0.88,-0.4694885457932793,0.05551732784983137
S100A16,0.976909206,0.66,-0.033703610626529545,0.1804560644581313
SACS,1.10213825,0.6,0.1403052040174323,0.2218487496163564
SAMD4A,0.718376251,0.04,-0.47718843847599124,1.3979400086720375
SAMD4B,0.546281845,0.05,-0.8722826172362143,1.3010299956639813
SAMHD1,0.645250608,0.01,-0.6320684991598698,2.0
SAR1A,0.846156794,0.27,-0.2410030734253356,0.5686362358410126
SARS,0.809836465,0.08,-0.3042974893016844,1.0969100130080565
SART1,0.665079569,0.06,-0.5884011423418569,1.2218487496163564
SASH1,1.2529571,0.39,0.32533701906775775,0.4089353929735008
SBDS,0.779646601,0.02,-0.35910776901411523,1.6989700043360187
SBF1,1.330109921,0.63,0.4115454757480726,0.2006594505464183
SCAF4,0.709144361,0.06,-0.49584874711419513,1.2218487496163564
SCFD1,1.002975208,0.58,0.004285945194853173,0.23657200643706275
SCYL2,1.144422638,0.37,0.19461994122821621,0.431798275933005
SEC13,0.806099318,0.01,-0.3109704934061631,2.0
SEC14L1,0.945410321,0.05,-0.08098748027093543,1.3010299956639813
SEC16A,1.60064423,0.35,0.6786526803390948,0.4559319556497244
SEC23A,0.743868443,0.66,-0.4268805991101917,0.1804560644581313
SEC31A,0.842911353,0.06,-0.24654718057887756,1.2218487496163564
11-Sep,0.732029022,0.12,-0.4500272482011602,0.9208187539523752
2-Sep,1.114389912,0.67,0.15625410313306096,0.17392519729917355
7-Sep,1.05035206,0.39,0.07087297559077674,0.4089353929735008
9-Sep,1.033828879,0.43,0.04799740823643509,0.36653154442041347
SERPINE2,0.789968412,0.21,-0.34013312863821266,0.6777807052660807
SERPINH1,0.975103063,0.66,-0.0363733830805525,0.1804560644581313
SETD3,0.792617083,0.15,-0.335304033342514,0.8239087409443188
SF1,0.71438455,0.01,-0.485227215267265,2.0
SF3A1,0.682976906,0.03,-0.5500912984548137,1.5228787452803376
SF3A3,1.763996202,0.65,0.8188474546813382,0.18708664335714442
SF3B1,1.223393802,0.85,0.29088887217529513,0.07058107428570728
SF3B2,0.929418857,0.63,-0.10559917886979445,0.2006594505464183
SF3B3,0.715025436,0.69,-0.48393353028536784,0.16115090926274472
SFPQ,0.773220903,0.14,-0.3710474554670115,0.8538719643217619
SGTA,0.824104191,0.36,-0.27910134687640026,0.44369749923271273
SH3GL1,0.773781365,0.38,-0.3700021101561372,0.42021640338318983
SH3GLB1,0.876684171,0.17,-0.18987089531447485,0.769551078621726
SH3KBP1,0.920956104,0.13,-0.11879570084080693,0.8860566476931632
SH3PXD2A,0.858279156,0.03,-0.22048113308973682,1.5228787452803376
SIRT2,0.889472435,0.14,-0.16897819822573645,0.8538719643217619
SKP1,0.951794274,0.52,-0.07127831962477654,0.28399665636520083
SLAIN2,0.741932735,0.16,-0.4306396995248908,0.7958800173440752
SLC3A2,1.278126125,0.65,0.3540302079076533,0.18708664335714442
SLC4A1AP,1.270629019,0.94,0.3455428733221077,0.026872146400301365
SMAD1,0.942921507,0.52,-0.08479041537095272,0.28399665636520083
SMC3,0.923606425,0.36,-0.11464988573874149,0.44369749923271273
SMEK1,0.922217643,0.31,-0.11682082858977856,0.5086383061657274
SMEK2,1.025535534,0.84,0.03637748093276405,0.07572071393811836
SMG8,0.67247209,0.02,-0.5724537029863732,1.6989700043360187
SMG9,0.918170742,0.07,-0.12316563435094427,1.154901959985743
"SMN1,SMN2",0.842461476,0.03,-0.2473173785091599,1.5228787452803376
SMTN,0.890332273,0.02,-0.1675842429119888,1.6989700043360187
SND1,0.797803266,0.04,-0.3258950654302493,1.3979400086720375
SNRPA,1.169057385,0.65,0.22534574853763878,0.18708664335714442
SNRPA1,0.954669453,0.66,-0.06692679741010135,0.1804560644581313
"SNRPB,SNRPN",0.869121809,0.1,-0.20236970734711845,1.0
SNRPB2,1.090271486,0.51,0.12468742191707452,0.2924298239020636
SNRPD1,0.783039518,0.82,-0.35284297640812656,0.08618614761628333
SNRPD2,0.849702563,0.54,-0.23497017832043302,0.26760624017703144
SNRPD3,0.806408429,0.01,-0.31041737617236825,2.0
SNX3,0.856119011,0.04,-0.22411673208687785,1.3979400086720375
SORBS1,0.940774328,0.33,-0.08807940266846234,0.4814860601221125
SPARC,0.89655437,0.92,-0.15753701937774356,0.036212172654444715
SPATA5L1,1.204949635,0.64,0.26897284533135474,0.1938200260161128
SPATS2,1.148616161,0.13,0.19989676566169934,0.8860566476931632
SPG20,0.883420139,0.18,-0.17882837355270306,0.744727494896694
SPTBN1,0.990398318,0.82,-0.013919230471613805,0.08618614761628333
SQSTM1,0.791476461,0.73,-0.3373816505306573,0.1366771398795441
SRGAP1,0.855955988,0.01,-0.22439147761437997,2.0
SRGAP2,0.873906119,0.02,-0.1944497910515455,1.6989700043360187
SRP14,0.721896643,0.07,-0.47013579974912,1.154901959985743
SRP54,0.846862867,0.03,-0.23979972286995946,1.5228787452803376
SRP68,1.274680708,0.88,0.35013591479185197,0.05551732784983137
SRPK1,0.696712109,0.09,-0.5213654570405339,1.0457574905606752
SRR,0.992797423,0.53,-0.010428724211544003,0.27572413039921095
SRSF2,0.789132644,0.02,-0.3416602740440622,1.6989700043360187
SRSF5,0.684721462,0.02,-0.5464108617245745,1.6989700043360187
SSB,0.687767099,0.05,-0.5400079921730659,1.3010299956639813
"ST13,ST13P4,ST13P5",0.805926385,0.14,-0.3112800288955772,0.8538719643217619
STARD13,0.660766251,0.01,-0.5977880926916501,2.0
STAT1,0.724551106,0.1,-0.4648406414441179,1.0
STAT2,0.589646855,0.08,-0.7620769252876111,1.0969100130080565
STAT3,0.796902886,0.99,-0.3275241729586992,0.004364805402450088
STAU2,0.766067086,0.31,-0.3844573575653561,0.5086383061657274
STK10,0.804566064,0.12,-0.31371720744759085,0.9208187539523752
STK25,0.784937338,0.9,-0.34935060746269553,0.045757490560675115
STRAP,0.813512858,0.1,-0.29776294625294303,1.0
STRIP1,0.88131454,0.08,-0.1822710878746611,1.0969100130080565
STRIP2,0.954441327,0.39,-0.06727158227425081,0.4089353929735008
STRN,0.90068704,0.11,-0.1509021922590339,0.958607314841775
STRN4,0.894332503,0.13,-0.1611167855766972,0.8860566476931632
STXBP5,0.983358967,0.52,-0.024209938366913195,0.28399665636520083
SUB1,0.716591828,0.02,-0.4807765037125601,1.6989700043360187
SYNCRIP,0.95190171,0.3,-0.0711154812452452,0.5228787452803376
SYNJ2,1.509268496,0.59,0.5938494814050485,0.22914798835785583
SYNPO2,0.781778814,0.05,-0.3551676063861287,1.3010299956639813
SYNPO2L,0.734524439,0.01,-0.4451176021486287,2.0
TACC1,1.069983814,0.55,0.09758897266515718,0.2596373105057561
TAGLN,0.723391672,0.12,-0.46715110573174523,0.9208187539523752
TAGLN2,0.844453113,0.34,-0.24391077312802342,0.46852108295774486
TAOK1,1.293481585,0.4,0.37125951485118686,0.3979400086720376
TAOK3,1.371545382,0.65,0.45580235919176904,0.18708664335714442
"TARDBP,TDP43",0.769553271,0.14,-0.3779068967972613,0.8538719643217619
TARS,0.623998174,0.36,-0.6803862875386193,0.44369749923271273
TATDN3,1.087860192,0.61,0.12149315836340699,0.21467016498923297
TBC1D10B,0.963653881,0.79,-0.05341303331774254,0.10237290870955855
TBC1D5,1.006518465,0.11,0.009373639342783256,0.958607314841775
TBC1D7,0.840948767,0.42,-0.2499101848308403,0.37675070960209955
TBK1,0.929748294,0.21,-0.10508789925633527,0.6777807052660807
TCEB1,0.524381324,0.6,-0.9313117904344516,0.2218487496163564
TCEB2,0.846812191,0.34,-0.2398860558575872,0.46852108295774486
TCERG1,0.673663145,0.04,-0.5699007208703792,1.3979400086720375
TCP1,0.897808348,0.34,-0.1555205841070509,0.46852108295774486
TDRD3,0.886873483,0.28,-0.1731997834466596,0.5528419686577808
TFG,0.640170994,0.24,-0.6434707847023632,0.619788758288394
TFRC,0.692776799,0.53,-0.5295374796727869,0.27572413039921095
TGM2,0.816732838,0.17,-0.2920638602438292,0.769551078621726
THBS1,0.978583216,0.03,-0.03123355603753894,1.5228787452803376
THY1,1.018235553,0.36,0.026071345141116337,0.44369749923271273
THYN1,0.619797014,0.18,-0.6901322904275273,0.744727494896694
TIMM44,1.204587276,0.02,0.26853892499265747,1.6989700043360187
TJP1,0.799403384,0.01,-0.3230044149615206,2.0
TLN1,0.985355247,0.85,-0.021284146270908903,0.07058107428570728
"TMEM189-UBE2V1,UBE2V1",0.723204118,0.16,-0.46752520225419547,0.7958800173440752
TMEM263,0.974737523,0.48,-0.0369143121751782,0.3187587626244128
TMOD1,1.123286151,0.6,0.16772549322494587,0.2218487496163564
TNFAIP2,0.672830553,0.06,-0.5716848755297824,1.2218487496163564
TNKS1BP1,0.794310822,0.1,-0.332224435616602,1.0
TNNC1,0.979199826,0.78,-0.030324793218071543,0.10790539730951958
TNNI1,0.669240324,0.08,-0.5794037196214286,1.0969100130080565
TNNI2,0.619578421,0.01,-0.6906411968193068,2.0
TNNT1,0.852458515,0.43,-0.2302984679764249,0.36653154442041347
TNNT3,0.751231243,0.01,-0.4126710303197239,2.0
TNPO1,0.988611471,0.48,-0.016524448516087017,0.3187587626244128
TNS3,0.993643023,0.63,-0.00920045381187477,0.2006594505464183
TOMM34,0.906147428,0.17,-0.142182302517421,0.769551078621726
TOP1,0.75766232,0.05,-0.40037309320300957,1.3010299956639813
TOP2B,0.486842461,0.03,-1.0384730936338553,1.5228787452803376
TP53I3,0.686247913,0.08,-0.5431982382509521,1.0969100130080565
TPD52L1,0.955760216,0.62,-0.06527937896029927,0.20760831050174613
TPD52L2,1.086093275,0.57,0.1191480088525592,0.24412514432750865
TPM1,0.492220296,0.67,-1.0226239483979478,0.17392519729917355
TPP1,0.811857552,0.95,-0.3007014796091402,0.022276394711152253
TPRG1L,1.028382418,0.42,0.040376850094551726,0.37675070960209955
TRAFD1,1.19820523,0.62,0.2608750357936101,0.20760831050174613
TRIM21,0.940831181,0.97,-0.0879922201631049,0.01322826573375516
TRIM25,0.862741161,0.01,-0.2130003069240966,2.0
TRIM28,0.693874739,0.01,-0.5272528495680981,2.0
TRIM38,0.548916946,0.01,-0.8653402164370073,2.0
TRIM54,0.945596872,0.85,-0.0807028317466546,0.07058107428570728
TRIM55,0.723078178,0.06,-0.46777645750970304,1.2218487496163564
TRIM72,0.950153671,0.88,-0.07376723148530201,0.05551732784983137
TRIO,0.978891365,0.25,-0.030779332986938614,0.6020599913279624
TRIP10,0.751738134,0.01,-0.4116979044917612,2.0
TRIP11,0.975106259,0.46,-0.03636865450777967,0.3372421683184259
TRIP12,0.870579118,0.12,-0.19995267930916122,0.9208187539523752
TRIP4,0.909149295,0.3,-0.13741087035755845,0.5228787452803376
TRIP6,0.653354026,0.08,-0.6140631534191971,1.0969100130080565
TRMT1L,0.717127118,0.01,-0.47969922107432017,2.0
TROVE2,0.830985867,0.02,-0.2671041543326573,1.6989700043360187
TSC1,0.941509056,0.28,-0.08695312327307773,0.5528419686577808
TSC2,0.77296154,0.02,-0.37153146266693,1.6989700043360187
TSG101,0.947184326,0.29,-0.07828288743102335,0.5376020021010439
TTC37,0.649886431,0.01,-0.6217404686669307,2.0
TTN,1.013200979,0.47,0.01892037616005391,0.3279021420642826
TUBA1C,0.763869133,0.19,-0.38860259974651773,0.721246399047171
TUBB,0.883564029,0.5,-0.17859340892353243,0.3010299956639812
TUBB3,1.012701583,0.97,0.018209111797446095,0.01322826573375516
TUBB6,0.746894886,0.1,-0.42102287478724565,1.0
TUBB8,1.017203412,0.37,0.0246082063730829,0.431798275933005
"TUBG1,TUBG2",1.080245122,0.58,0.11135871624836059,0.23657200643706275
TUBGCP2,0.720001086,0.39,-0.4739290122690334,0.4089353929735008
TUFM,0.754694796,0.5,-0.40603476875268907,0.3010299956639812
TXLNB,0.832839715,0.06,-0.2638892278982114,1.2218487496163564
U2AF2,0.993774235,0.96,-0.00900995642012861,0.017728766960431602
UACA,0.834021835,0.85,-0.26184294043342204,0.07058107428570728
UBA1,0.782668597,0.5,-0.3535265340803975,0.3010299956639812
UBA2,1.845448384,0.21,0.8839713868988259,0.6777807052660807
UBAP2,0.803351778,0.23,-0.31589623012859536,0.638272163982407
UBAP2L,0.76566511,0.01,-0.3852145771323066,2.0
UBE2K,0.975414578,0.78,-0.03591256064035849,0.10790539730951958
UBE2L3,0.898052659,0.61,-0.15512805231429508,0.21467016498923297
"UBE2N,UBE2NL",1.009369537,0.65,0.013454451544681006,0.18708664335714442
UBL4A,0.987866256,0.25,-0.017612361646759583,0.6020599913279624
UBQLN2,0.802883845,0.8,-0.31673680996383197,0.09691001300805639
UFD1L,0.869986862,0.08,-0.20093448044388518,1.0969100130080565
UGDH,1.265003619,0.97,0.3391415122760159,0.01322826573375516
UNC45B,0.743495892,0.11,-0.42760332383710736,0.958607314841775
URI1,0.684439213,0.03,-0.547005677578987,1.5228787452803376
USO1,1.161978193,0.45,0.21658299374591006,0.3467874862246563
USP5,0.866575082,0.49,-0.2066033417669346,0.3098039199714863
USP8,1.049942836,0.6,0.0703107826872868,0.2218487496163564
USP9X,1.150151252,0.7,0.2018235969624156,0.1549019599857432
UXT,0.900128806,0.38,-0.151796632910521,0.42021640338318983
VAC14,0.769877604,0.04,-0.3772989921160981,1.3979400086720375
VAMP3,0.771228801,0.84,-0.37476916587652176,0.07572071393811836
VAPA,0.810948044,0.77,-0.3023186083913779,0.11350927482751812
VARS,0.76279246,0.04,-0.3906375118218673,1.3979400086720375
VASP,0.68865208,0.03,-0.5381528046031802,1.5228787452803376
VAT1,0.94249411,0.37,-0.08544449242154334,0.431798275933005
VCL,0.955186369,0.88,-0.06614584613684206,0.05551732784983137
VCP,0.543246435,0.17,-0.8803212929906,0.769551078621726
VIM,0.750869102,0.07,-0.4133666683131032,1.154901959985743
VPS13A,1.011846651,0.72,0.016990660975382776,0.14266750356873156
VPS13C,1.177811754,0.85,0.2361089761186867,0.07058107428570728
VPS16,0.81256093,0.35,-0.2994520971044045,0.4559319556497244
VPS18,1.004502506,0.7,0.006481163264099385,0.1549019599857432
VPS25,0.683440423,0.15,-0.5491125144644105,0.8239087409443188
VPS37B,0.867150116,0.02,-0.20564632881987632,1.6989700043360187
VPS51,0.711000621,0.04,-0.49207727496780646,1.3979400086720375
VPS52,0.957919311,0.07,-0.062023957216948276,1.154901959985743
VPS53,0.54824336,0.02,-0.8671116609535312,1.6989700043360187
VWA5A,0.598821639,0.59,-0.7398017393662365,0.22914798835785583
WASF2,0.8414147,0.36,-0.24911107184621098,0.44369749923271273
"WASH1,WASH2P,WASH3P,WASH4P",1.015424918,0.25,0.022083568601425064,0.6020599913279624
WASL,0.708884165,0.01,-0.496378191305464,2.0
WDR48,0.806300622,0.12,-0.3106102598477074,0.9208187539523752
WDR5,0.758415936,0.47,-0.39893881611186244,0.3279021420642826
WDR92,0.818050192,0.02,-0.2897387315149447,1.6989700043360187
WIBG,0.776081544,0.18,-0.36571984847530487,0.744727494896694
WIPF3,0.600142779,0.16,-0.7366223240823141,0.7958800173440752
WNK1,0.772939522,0.06,-0.37157255877610945,1.2218487496163564
XIRP1,0.73964154,0.48,-0.4351018427397977,0.3187587626244128
XPO1,1.155394027,0.75,0.20838494155997406,0.12493873660829995
XRCC5,0.804775489,0.03,-0.313341729153278,1.5228787452803376
XRCC6,0.931406418,0.24,-0.10251727158152492,0.619788758288394
XRN1,0.840404755,0.03,-0.25084377010211445,1.5228787452803376
YAF2,0.691932952,0.93,-0.5312958467702881,0.03151705144606486
YKT6,1.048314277,0.56,0.06807129120616559,0.25181197299379954
YTHDF2,0.887760558,0.21,-0.171757481788493,0.6777807052660807
YTHDF3,0.785394835,0.07,-0.34850998446185044,1.154901959985743
YWHAB,0.869105351,0.48,-0.20239702699270926,0.3187587626244128
YWHAE,0.963968182,0.54,-0.05294256713376556,0.26760624017703144
YWHAG,0.849837382,0.01,-0.23474128966889196,2.0
YWHAQ,0.863715906,0.28,-0.21137123666925717,0.5528419686577808
YWHAZ,1.123128115,0.24,0.16752250506082245,0.619788758288394
ZC3H4,0.62646952,0.02,-0.6746837759460682,1.6989700043360187
ZC3HAV1,0.759897098,0.19,-0.3961240266683688,0.721246399047171
ZC3HAV1L,0.656056442,0.18,-0.6081081564301991,0.744727494896694
ZFR,0.955021076,0.55,-0.06639552309482173,0.2596373105057561
ZFYVE1,1.138301892,0.65,0.18688322928868095,0.18708664335714442
ZNF207,0.760588751,0.01,-0.3948114930165781,2.0
ZNF598,0.932014782,0.21,-0.10157525830289675,0.6777807052660807
ZYX,0.746830892,0.01,-0.4211464902832931,2.0
A0A494C067,0.835855624,0.09,-0.2586743254604303,1.0457574905606752
A0A5F9ZGX0,1.027080437,0.72,0.03854917242216852,0.14266750356873156
